school,sex,age,address,famsize,Pstatus,Medu,Fedu,Mjob,Fjob,reason,guardian,traveltime,studytime,failures,schoolsup,famsup,paid,activities,nursery,higher,internet,romantic,famrel,freetime,goout,Dalc,Walc,health,absences,G1,G2,G3,engagement_score,academic_risk,dropout
0.0,0.0,0.4285714285714284,1.0,0.0,0.0,1.0,1.0,0.0,1.0,0.0,0.5,0.3333333333333333,0.3333333333333333,0.0,1.0,0.0,0.0,0.0,1.0,1.0,0.0,0.0,0.75,0.5,0.75,0.0,0.0,0.5,0.08,0.125,0.3157894736842105,0.30000000000000004,-2,14,0
0.0,0.0,0.2857142857142856,1.0,0.0,1.0,0.25,0.25,0.0,0.5,0.0,0.0,0.0,0.3333333333333333,0.0,0.0,1.0,0.0,0.0,0.0,1.0,1.0,0.0,1.0,0.5,0.5,0.0,0.0,0.5,0.05333333333333334,0.125,0.2631578947368421,0.30000000000000004,0,14,0
0.0,0.0,0.0,1.0,1.0,1.0,0.25,0.25,0.0,0.5,0.6666666666666666,0.5,0.0,0.3333333333333333,1.0,1.0,0.0,1.0,0.0,1.0,1.0,1.0,0.0,0.75,0.5,0.25,0.25,0.5,0.5,0.13333333333333333,0.25,0.42105263157894735,0.5,-6,13,0
0.0,0.0,0.0,1.0,0.0,1.0,1.0,0.5,0.25,0.75,0.3333333333333333,0.5,0.0,0.6666666666666667,0.0,0.0,1.0,1.0,1.0,1.0,1.0,1.0,1.0,0.5,0.25,0.25,0.0,0.0,1.0,0.02666666666666667,0.75,0.7368421052631579,0.75,4,5,0
0.0,0.0,0.1428571428571428,1.0,0.0,1.0,0.75,0.75,0.5,0.5,0.3333333333333333,0.0,0.0,0.3333333333333333,0.0,0.0,1.0,1.0,0.0,1.0,1.0,0.0,0.0,0.75,0.5,0.25,0.0,0.25,1.0,0.05333333333333334,0.1875,0.5263157894736842,0.5,0,10,0
0.0,1.0,0.1428571428571428,1.0,1.0,1.0,1.0,0.75,0.75,0.5,1.0,0.5,0.0,0.3333333333333333,0.0,0.0,1.0,1.0,1.0,1.0,1.0,1.0,0.0,1.0,0.75,0.25,0.0,0.25,1.0,0.13333333333333333,0.75,0.7894736842105263,0.75,-6,5,0
0.0,1.0,0.1428571428571428,1.0,1.0,1.0,0.5,0.5,0.5,0.5,0.3333333333333333,0.5,0.0,0.3333333333333333,0.0,0.0,0.0,0.0,0.0,1.0,1.0,1.0,0.0,0.75,0.75,0.75,0.0,0.0,0.5,0.0,0.5625,0.631578947368421,0.55,4,9,0
0.0,0.0,0.2857142857142856,1.0,0.0,0.0,1.0,1.0,0.5,1.0,0.3333333333333333,0.5,0.3333333333333333,0.3333333333333333,0.0,1.0,1.0,0.0,0.0,1.0,1.0,0.0,0.0,0.75,0.0,0.75,0.0,0.0,0.0,0.08,0.1875,0.2631578947368421,0.30000000000000004,-2,14,0
0.0,1.0,0.0,1.0,1.0,0.0,0.75,0.5,0.75,0.5,0.3333333333333333,0.5,0.0,0.3333333333333333,0.0,0.0,1.0,1.0,0.0,1.0,1.0,1.0,0.0,0.75,0.25,0.25,0.0,0.0,0.0,0.0,0.8125,0.9473684210526315,0.9500000000000001,4,1,0
0.0,1.0,0.0,1.0,0.0,1.0,0.75,1.0,0.5,0.5,0.3333333333333333,0.5,0.0,0.3333333333333333,0.0,0.0,1.0,1.0,1.0,1.0,1.0,1.0,0.0,1.0,1.0,0.0,0.0,0.0,1.0,0.0,0.6875,0.7894736842105263,0.75,4,5,0
0.0,0.0,0.0,1.0,0.0,1.0,1.0,1.0,1.0,0.25,1.0,0.5,0.0,0.3333333333333333,0.0,0.0,1.0,1.0,0.0,1.0,1.0,1.0,0.0,0.5,0.5,0.5,0.0,0.25,0.25,0.0,0.4375,0.42105263157894735,0.45,4,11,0
0.0,0.0,0.0,1.0,0.0,1.0,0.5,0.25,0.75,0.5,1.0,0.0,0.6666666666666667,0.6666666666666667,0.0,0.0,1.0,0.0,1.0,1.0,1.0,1.0,0.0,1.0,0.25,0.25,0.0,0.0,0.75,0.05333333333333334,0.4375,0.631578947368421,0.6000000000000001,2,8,0
0.0,1.0,0.0,1.0,1.0,1.0,1.0,1.0,0.25,0.75,0.0,0.0,0.0,0.0,0.0,0.0,1.0,1.0,1.0,1.0,1.0,1.0,0.0,0.75,0.5,0.5,0.0,0.5,1.0,0.02666666666666667,0.6875,0.7368421052631579,0.7000000000000001,0,6,0
0.0,1.0,0.0,1.0,0.0,1.0,1.0,0.75,1.0,0.5,0.0,0.5,0.3333333333333333,0.3333333333333333,0.0,0.0,1.0,1.0,0.0,1.0,1.0,1.0,0.0,1.0,0.75,0.5,0.0,0.25,0.5,0.02666666666666667,0.4375,0.5263157894736842,0.55,2,9,0
0.0,1.0,0.0,1.0,0.0,0.0,0.5,0.5,0.5,0.5,0.3333333333333333,1.0,0.0,0.6666666666666667,0.0,0.0,1.0,0.0,0.0,1.0,1.0,1.0,1.0,0.75,1.0,0.25,0.0,0.0,0.5,0.0,0.6875,0.8421052631578947,0.8,6,4,0
0.0,0.0,0.1428571428571428,1.0,0.0,1.0,1.0,1.0,0.25,0.5,0.3333333333333333,0.5,0.0,0.0,0.0,0.0,1.0,0.0,0.0,1.0,1.0,1.0,0.0,0.75,0.75,0.75,0.0,0.25,0.25,0.05333333333333334,0.6875,0.7368421052631579,0.7000000000000001,-2,6,0
0.0,0.0,0.1428571428571428,1.0,0.0,1.0,1.0,1.0,0.75,0.75,1.0,0.5,0.0,0.6666666666666667,0.0,0.0,1.0,1.0,1.0,1.0,1.0,1.0,0.0,0.5,0.25,0.5,0.0,0.25,0.25,0.08,0.625,0.7368421052631579,0.7000000000000001,0,6,0
0.0,0.0,0.1428571428571428,1.0,0.0,1.0,0.75,0.75,0.5,0.5,1.0,0.5,0.6666666666666667,0.3333333333333333,0.0,1.0,1.0,0.0,1.0,1.0,1.0,0.0,0.0,1.0,0.5,0.25,0.0,0.0,0.75,0.05333333333333334,0.3125,0.5263157894736842,0.5,0,10,0
0.0,1.0,0.2857142857142856,1.0,0.0,1.0,0.75,0.5,0.75,0.75,0.0,0.5,0.0,0.0,1.0,0.0,1.0,0.0,1.0,1.0,1.0,1.0,0.0,1.0,1.0,1.0,0.25,0.75,1.0,0.21333333333333335,0.1875,0.2631578947368421,0.25,-14,18,1
0.0,1.0,0.1428571428571428,1.0,1.0,1.0,1.0,0.75,0.25,0.5,0.3333333333333333,0.0,0.0,0.0,0.0,0.0,0.0,1.0,1.0,1.0,1.0,1.0,0.0,0.5,0.0,0.5,0.0,0.5,1.0,0.05333333333333334,0.3125,0.5263157894736842,0.5,-2,10,0
0.0,1.0,0.0,1.0,0.0,1.0,1.0,0.75,1.0,0.5,1.0,0.5,0.0,0.3333333333333333,0.0,0.0,0.0,0.0,0.0,1.0,1.0,1.0,0.0,0.75,0.75,0.0,0.0,0.0,0.0,0.0,0.625,0.7368421052631579,0.75,4,5,0
0.0,1.0,0.0,1.0,0.0,1.0,1.0,1.0,0.25,0.25,0.6666666666666666,0.0,0.0,0.0,0.0,0.0,1.0,1.0,0.0,1.0,1.0,1.0,0.0,1.0,0.75,0.25,0.0,0.0,1.0,0.0,0.5625,0.7894736842105263,0.75,2,5,0
0.0,1.0,0.1428571428571428,1.0,1.0,1.0,1.0,0.5,1.0,0.5,0.0,0.5,0.0,0.3333333333333333,0.0,0.0,0.0,0.0,1.0,1.0,1.0,1.0,0.0,0.75,1.0,0.0,0.0,0.5,1.0,0.02666666666666667,0.75,0.7894736842105263,0.8,2,4,0
0.0,1.0,0.1428571428571428,1.0,1.0,1.0,0.5,0.5,0.5,0.5,1.0,0.5,0.3333333333333333,0.3333333333333333,0.0,0.0,1.0,0.0,1.0,1.0,1.0,1.0,0.0,1.0,0.75,0.75,0.25,0.75,1.0,0.0,0.625,0.6842105263157894,0.6000000000000001,4,8,0
0.0,0.0,0.0,0.0,0.0,1.0,0.5,1.0,0.75,0.25,0.0,0.5,0.0,0.6666666666666667,0.0,1.0,1.0,1.0,1.0,1.0,1.0,1.0,0.0,0.75,0.5,0.25,0.0,0.0,1.0,0.02666666666666667,0.4375,0.47368421052631576,0.4,4,12,0
0.0,0.0,0.1428571428571428,1.0,0.0,1.0,0.5,0.5,0.75,0.75,0.3333333333333333,0.5,0.0,0.0,0.6666666666666666,0.0,1.0,1.0,0.0,0.0,1.0,1.0,0.0,0.0,0.25,0.25,0.0,0.5,1.0,0.18666666666666668,0.1875,0.47368421052631576,0.4,-12,14,1
0.0,1.0,0.0,1.0,0.0,1.0,0.5,0.5,0.5,0.5,0.3333333333333333,0.5,0.0,0.0,0.0,0.0,1.0,1.0,0.0,1.0,1.0,1.0,0.0,0.75,0.25,0.25,0.0,0.25,1.0,0.02666666666666667,0.5625,0.631578947368421,0.55,0,9,0
0.0,1.0,0.0,1.0,0.0,1.0,1.0,0.5,0.25,0.75,0.6666666666666666,0.5,0.0,0.0,0.0,0.0,0.0,1.0,0.0,1.0,1.0,1.0,0.0,0.25,0.25,0.75,0.25,0.75,0.0,0.05333333333333334,0.75,0.8421052631578947,0.75,-2,5,0
0.0,1.0,0.1428571428571428,1.0,1.0,0.0,0.75,1.0,0.75,0.5,0.3333333333333333,0.5,0.0,0.3333333333333333,0.0,1.0,1.0,0.0,1.0,1.0,1.0,1.0,0.0,1.0,0.5,0.5,0.0,0.0,1.0,0.05333333333333334,0.5,0.5789473684210527,0.55,0,9,0
0.0,1.0,0.1428571428571428,1.0,0.0,1.0,1.0,1.0,1.0,1.0,0.3333333333333333,0.5,0.0,0.3333333333333333,0.0,0.0,1.0,1.0,1.0,1.0,1.0,1.0,1.0,0.75,0.75,1.0,1.0,1.0,1.0,0.21333333333333335,0.4375,0.631578947368421,0.55,-12,9,0
0.0,1.0,0.0,1.0,0.0,1.0,1.0,1.0,0.25,0.75,0.3333333333333333,0.5,0.0,0.3333333333333333,0.0,0.0,1.0,1.0,0.0,0.0,1.0,1.0,0.0,1.0,0.75,0.25,0.5,0.75,1.0,0.0,0.375,0.5789473684210527,0.6000000000000001,4,8,0
0.0,1.0,0.0,1.0,0.0,1.0,1.0,1.0,0.75,0.75,1.0,0.5,0.3333333333333333,0.3333333333333333,0.0,0.0,1.0,0.0,1.0,1.0,1.0,1.0,0.0,0.75,0.5,0.0,0.0,0.0,1.0,0.0,0.875,0.8421052631578947,0.8500000000000001,4,3,0
0.0,1.0,0.0,0.0,0.0,1.0,1.0,0.75,1.0,0.0,0.0,0.5,0.0,0.3333333333333333,0.0,0.0,1.0,0.0,1.0,1.0,1.0,1.0,1.0,0.75,1.0,0.25,0.0,0.0,1.0,0.0,0.875,0.8421052631578947,0.8,4,4,0
0.0,1.0,0.0,1.0,1.0,1.0,0.75,0.75,0.5,0.5,0.0,0.5,0.0,0.3333333333333333,0.0,0.0,0.0,0.0,1.0,0.0,1.0,1.0,0.0,1.0,0.5,0.25,0.0,0.0,0.25,0.0,0.3125,0.5263157894736842,0.6000000000000001,4,8,0
0.0,1.0,0.1428571428571428,1.0,0.0,1.0,0.75,0.5,0.5,0.5,0.3333333333333333,0.5,0.0,0.0,0.0,0.0,1.0,1.0,0.0,0.0,1.0,1.0,0.0,1.0,0.75,0.5,0.0,0.0,1.0,0.0,0.5625,0.7368421052631579,0.75,2,5,0
0.0,0.0,0.0,1.0,0.0,1.0,0.5,0.75,0.5,0.5,0.6666666666666666,0.0,0.3333333333333333,0.0,0.0,0.0,1.0,0.0,1.0,1.0,1.0,0.0,0.0,0.5,1.0,0.0,0.0,0.0,1.0,0.0,0.3125,0.3684210526315789,0.30000000000000004,2,14,0
0.0,1.0,0.0,1.0,1.0,1.0,1.0,0.75,1.0,0.75,0.3333333333333333,0.5,0.0,0.6666666666666667,0.0,0.0,1.0,0.0,1.0,1.0,1.0,1.0,0.0,1.0,0.75,0.5,0.0,0.0,0.75,0.02666666666666667,0.75,0.8421052631578947,0.9,4,2,0
0.0,1.0,0.1428571428571428,0.0,0.0,0.0,1.0,1.0,0.5,1.0,1.0,0.5,0.3333333333333333,0.6666666666666667,0.0,0.0,1.0,0.0,1.0,1.0,1.0,1.0,1.0,0.25,0.75,0.5,0.0,0.0,1.0,0.09333333333333334,0.75,0.8421052631578947,0.75,-1,5,0
0.0,0.0,0.0,0.0,0.0,1.0,0.75,1.0,0.75,0.25,0.0,0.5,0.0,0.6666666666666667,0.0,1.0,1.0,1.0,1.0,1.0,1.0,1.0,0.0,0.75,0.5,0.25,0.0,0.0,1.0,0.02666666666666667,0.5625,0.631578947368421,0.55,4,9,0
0.0,0.0,0.0,0.0,0.0,1.0,0.5,0.5,0.0,0.5,1.0,0.5,0.0,0.0,0.0,1.0,1.0,1.0,1.0,1.0,1.0,0.0,0.0,0.75,0.5,0.0,0.0,0.0,0.25,0.10666666666666667,0.6875,0.6842105263157894,0.65,-6,7,0
0.0,0.0,0.1428571428571428,1.0,1.0,1.0,0.5,0.5,0.5,0.5,0.3333333333333333,0.5,0.3333333333333333,0.3333333333333333,0.3333333333333333,0.0,1.0,0.0,1.0,0.0,1.0,1.0,1.0,0.5,0.5,0.5,0.0,0.25,0.5,0.33333333333333337,0.25,0.5263157894736842,0.55,-21,10,0
0.0,1.0,0.0,1.0,1.0,1.0,1.0,1.0,1.0,0.5,0.3333333333333333,1.0,0.0,0.0,0.0,0.0,1.0,0.0,0.0,0.0,1.0,1.0,1.0,1.0,0.75,0.5,0.25,0.75,1.0,0.10666666666666667,0.5625,0.631578947368421,0.6000000000000001,-6,8,0
0.0,1.0,0.0,1.0,0.0,1.0,1.0,1.0,0.75,1.0,0.0,0.0,0.0,0.3333333333333333,0.0,0.0,1.0,0.0,1.0,1.0,1.0,1.0,0.0,0.75,0.5,0.5,0.0,0.0,1.0,0.02666666666666667,1.0,0.9473684210526315,0.9,2,2,0
0.0,1.0,0.0,1.0,0.0,1.0,0.5,0.5,0.75,0.75,0.0,0.0,0.0,0.0,0.0,1.0,1.0,0.0,0.0,1.0,1.0,1.0,0.0,1.0,0.75,0.0,0.0,0.0,0.0,0.0,0.3125,0.42105263157894735,0.55,2,9,0
0.0,0.0,0.1428571428571428,1.0,1.0,1.0,0.5,0.5,0.5,0.0,0.0,0.0,0.3333333333333333,0.3333333333333333,0.3333333333333333,1.0,0.0,0.0,1.0,1.0,1.0,1.0,0.0,0.75,0.5,0.5,0.25,0.25,1.0,0.18666666666666668,0.4375,0.5263157894736842,0.45,-10,12,1
0.0,0.0,0.0,1.0,1.0,0.0,1.0,0.75,0.5,0.5,0.0,0.5,0.0,0.3333333333333333,0.0,1.0,1.0,1.0,1.0,1.0,1.0,1.0,1.0,1.0,0.25,0.25,0.0,0.0,1.0,0.10666666666666667,0.3125,0.42105263157894735,0.30000000000000004,-4,14,0
0.0,0.0,0.1428571428571428,1.0,1.0,0.0,0.75,0.75,0.5,0.75,0.3333333333333333,0.5,0.0,0.3333333333333333,0.0,0.0,1.0,0.0,0.0,1.0,1.0,1.0,0.0,0.25,0.5,1.0,0.0,0.75,0.5,0.16,0.5,0.631578947368421,0.55,-8,9,0
0.0,1.0,0.1428571428571428,1.0,0.0,1.0,1.0,0.75,0.25,0.75,1.0,0.5,0.0,1.0,0.0,0.0,0.0,0.0,1.0,1.0,1.0,1.0,0.0,0.75,0.25,0.25,0.0,0.0,0.25,0.05333333333333334,1.0,1.0,1.0,4,0,0
0.0,1.0,0.0,1.0,0.0,1.0,1.0,0.5,1.0,0.5,0.3333333333333333,0.5,0.0,0.3333333333333333,0.0,0.0,1.0,1.0,0.0,1.0,1.0,0.0,0.0,0.75,0.5,0.5,0.25,0.25,1.0,0.02666666666666667,0.75,0.7894736842105263,0.7000000000000001,2,6,0
0.0,0.0,0.0,1.0,0.0,1.0,1.0,1.0,0.75,1.0,0.6666666666666666,0.0,0.0,0.3333333333333333,0.3333333333333333,1.0,1.0,0.0,1.0,0.0,1.0,1.0,0.0,0.75,0.75,0.75,0.0,0.0,0.5,0.02666666666666667,0.25,0.3684210526315789,0.35000000000000003,2,14,1
0.0,0.0,0.1428571428571428,1.0,1.0,1.0,0.5,0.5,0.75,0.75,0.0,0.5,0.6666666666666667,0.3333333333333333,0.0,0.0,1.0,1.0,0.0,1.0,1.0,1.0,0.0,0.75,0.5,0.5,0.25,0.5,0.75,0.02666666666666667,0.5625,0.6842105263157894,0.65,2,7,0
0.0,0.0,0.0,1.0,1.0,1.0,1.0,0.5,0.25,0.5,0.6666666666666666,0.5,0.0,0.3333333333333333,0.0,0.0,1.0,1.0,0.0,1.0,1.0,1.0,0.0,0.75,0.5,0.5,0.0,0.0,1.0,0.02666666666666667,0.5,0.6842105263157894,0.65,2,7,0
0.0,1.0,0.0,1.0,1.0,0.0,1.0,0.5,0.25,0.25,0.6666666666666666,0.0,0.3333333333333333,0.0,0.3333333333333333,0.0,0.0,0.0,0.0,1.0,1.0,0.0,0.0,1.0,1.0,1.0,0.5,0.75,1.0,0.08,0.5,0.5789473684210527,0.5,-4,11,0
0.0,0.0,0.0,1.0,0.0,1.0,1.0,1.0,0.75,0.75,0.0,0.5,0.0,0.0,0.0,1.0,1.0,1.0,0.0,1.0,1.0,1.0,0.0,0.5,0.5,0.75,0.25,0.5,1.0,0.0,0.3125,0.5263157894736842,0.55,2,9,0
0.0,0.0,0.0,1.0,1.0,0.0,0.75,0.75,0.5,0.5,0.6666666666666666,0.5,0.0,0.0,0.0,0.0,0.0,1.0,0.0,1.0,1.0,1.0,0.0,1.0,0.5,0.75,0.75,0.75,0.0,0.08,0.4375,0.6842105263157894,0.65,-4,7,0
0.0,0.0,0.1428571428571428,1.0,0.0,0.0,0.5,0.25,0.5,0.5,0.6666666666666666,0.5,0.0,0.3333333333333333,0.0,0.0,0.0,1.0,1.0,1.0,1.0,1.0,1.0,1.0,0.5,0.75,0.0,0.0,0.25,0.10666666666666667,0.3125,0.47368421052631576,0.5,-4,10,0
0.0,0.0,0.0,1.0,0.0,0.0,1.0,0.75,0.75,0.75,1.0,0.5,0.0,0.3333333333333333,0.0,0.0,1.0,1.0,1.0,1.0,1.0,1.0,0.0,0.75,0.5,0.25,0.0,0.0,0.0,0.0,0.6875,0.7894736842105263,0.75,4,5,0
0.0,1.0,0.0,1.0,0.0,1.0,1.0,1.0,1.0,0.25,1.0,0.5,0.0,0.3333333333333333,0.0,0.0,1.0,0.0,1.0,1.0,1.0,0.0,0.0,0.5,0.25,0.25,0.0,0.0,1.0,0.05333333333333334,0.6875,0.7894736842105263,0.75,0,5,0
0.0,1.0,0.0,1.0,1.0,1.0,0.25,0.5,0.5,0.0,0.3333333333333333,0.0,0.0,0.3333333333333333,0.0,1.0,1.0,0.0,1.0,1.0,1.0,1.0,0.0,0.75,0.5,0.25,0.0,0.0,1.0,0.02666666666666667,0.375,0.5263157894736842,0.45,2,11,0
0.0,0.0,0.1428571428571428,1.0,0.0,1.0,1.0,0.5,0.75,0.5,0.0,0.5,0.0,0.3333333333333333,0.0,0.0,1.0,0.0,0.0,1.0,1.0,1.0,0.0,0.75,0.25,0.5,0.0,0.0,1.0,0.02666666666666667,0.75,0.8421052631578947,0.8,2,4,0
0.0,0.0,0.1428571428571428,0.0,0.0,1.0,1.0,1.0,0.25,1.0,0.6666666666666666,0.5,0.0,0.3333333333333333,0.0,0.0,1.0,0.0,1.0,1.0,1.0,0.0,0.0,0.25,0.75,0.75,0.25,0.5,0.75,0.08,0.4375,0.5789473684210527,0.55,-2,9,0
0.0,0.0,0.1428571428571428,1.0,0.0,1.0,0.25,0.25,0.75,0.75,0.0,0.0,1.0,0.0,0.0,1.0,1.0,0.0,1.0,0.0,1.0,1.0,1.0,1.0,1.0,1.0,1.0,1.0,1.0,0.08,0.4375,0.42105263157894735,0.55,-4,9,0
0.0,0.0,0.1428571428571428,1.0,1.0,1.0,0.25,0.5,0.5,0.75,1.0,0.0,0.0,0.3333333333333333,0.0,1.0,0.0,0.0,1.0,1.0,1.0,1.0,0.0,0.75,0.75,0.5,0.0,0.0,0.0,0.05333333333333334,0.3125,0.5263157894736842,0.45,0,11,0
0.0,0.0,0.1428571428571428,1.0,0.0,1.0,1.0,0.75,1.0,0.25,0.3333333333333333,0.5,0.0,0.6666666666666667,0.0,1.0,1.0,1.0,1.0,1.0,1.0,1.0,0.0,0.5,0.75,0.75,0.25,0.75,0.75,0.02666666666666667,0.4375,0.47368421052631576,0.45,4,11,0
0.0,0.0,0.0,1.0,1.0,1.0,1.0,0.75,0.75,0.75,1.0,0.0,0.0,0.3333333333333333,0.0,1.0,0.0,0.0,1.0,1.0,1.0,1.0,1.0,0.75,0.75,0.75,0.25,0.75,0.25,0.0,0.4375,0.5263157894736842,0.5,4,10,0
0.0,0.0,0.1428571428571428,1.0,1.0,1.0,1.0,0.75,1.0,0.75,0.0,0.5,0.6666666666666667,0.3333333333333333,0.0,0.0,1.0,0.0,1.0,1.0,1.0,1.0,0.0,1.0,0.75,0.5,0.0,0.25,0.0,0.02666666666666667,0.8125,0.7894736842105263,0.75,2,5,0
0.0,1.0,0.0,1.0,0.0,0.0,1.0,1.0,0.5,0.75,1.0,0.5,0.0,1.0,0.0,0.0,1.0,0.0,1.0,0.0,1.0,1.0,1.0,0.0,0.5,0.5,1.0,1.0,0.5,0.05333333333333334,0.625,0.6842105263157894,0.6000000000000001,4,8,0
0.0,0.0,0.1428571428571428,1.0,0.0,1.0,0.75,0.25,0.75,0.5,0.0,0.5,0.0,1.0,0.0,1.0,1.0,1.0,0.0,1.0,1.0,1.0,0.0,0.75,0.5,0.5,0.0,0.25,1.0,0.05333333333333334,0.25,0.3684210526315789,0.30000000000000004,4,14,0
0.0,0.0,0.0,0.0,1.0,1.0,0.5,0.5,0.25,0.75,1.0,0.5,0.3333333333333333,0.3333333333333333,0.0,1.0,1.0,1.0,0.0,1.0,1.0,1.0,0.0,0.75,0.0,0.5,0.0,0.5,0.75,0.02666666666666667,0.3125,0.47368421052631576,0.4,2,12,0
0.0,0.0,0.0,0.0,1.0,1.0,0.75,0.25,0.5,0.5,1.0,0.0,0.3333333333333333,1.0,0.0,0.0,1.0,0.0,0.0,0.0,1.0,1.0,0.0,0.75,0.75,0.25,0.25,0.5,0.5,0.16,0.8125,0.8421052631578947,0.8,-4,4,0
0.0,1.0,0.1428571428571428,1.0,0.0,1.0,0.75,0.25,0.5,0.5,1.0,0.0,0.3333333333333333,1.0,0.0,0.0,1.0,1.0,0.0,1.0,1.0,1.0,0.0,0.75,0.5,0.25,0.0,0.0,1.0,0.0,0.625,0.7894736842105263,0.75,8,5,0
0.0,1.0,0.0,1.0,0.0,1.0,1.0,0.5,0.5,0.5,0.0,0.5,0.0,1.0,0.0,0.0,0.0,0.0,0.0,1.0,1.0,1.0,0.0,0.5,0.5,0.5,0.0,0.0,0.5,0.0,0.4375,0.5263157894736842,0.5,8,10,0
0.0,0.0,0.0,0.0,0.0,1.0,0.25,0.25,0.5,0.5,1.0,0.5,0.0,0.3333333333333333,0.6666666666666666,1.0,1.0,0.0,0.0,0.0,1.0,1.0,1.0,0.5,0.5,0.75,0.25,0.75,1.0,0.02666666666666667,0.3125,0.3157894736842105,0.25,2,17,1
0.0,1.0,0.1428571428571428,1.0,0.0,1.0,0.75,0.25,0.5,0.5,1.0,0.5,0.0,0.0,0.0,0.0,0.0,0.0,1.0,1.0,1.0,0.0,0.0,1.0,0.5,0.25,0.25,0.25,1.0,0.02666666666666667,0.5625,0.631578947368421,0.7000000000000001,0,6,0
0.0,0.0,0.1428571428571428,1.0,0.0,1.0,0.75,0.75,0.5,0.75,0.3333333333333333,0.5,0.0,0.3333333333333333,0.0,1.0,1.0,1.0,1.0,1.0,1.0,1.0,0.0,0.75,0.5,0.5,0.25,0.75,1.0,0.7200000000000001,0.5,0.631578947368421,0.55,-50,9,0
0.0,1.0,0.0,1.0,0.0,1.0,1.0,0.75,1.0,0.5,0.3333333333333333,0.5,0.0,0.3333333333333333,0.0,0.0,1.0,1.0,1.0,1.0,1.0,1.0,0.0,0.75,0.5,0.5,0.25,0.5,1.0,0.08,0.375,0.47368421052631576,0.5,-2,10,0
0.0,1.0,0.0,1.0,0.0,1.0,1.0,0.0,1.0,0.5,0.0,0.5,0.3333333333333333,1.0,0.0,0.0,0.0,0.0,1.0,1.0,1.0,1.0,0.0,0.5,0.75,0.5,0.0,0.0,0.0,0.10666666666666667,0.5,0.5789473684210527,0.5,0,10,0
0.0,0.0,0.1428571428571428,1.0,0.0,1.0,0.5,0.5,0.5,0.5,1.0,0.5,0.0,1.0,0.0,0.0,0.0,1.0,0.0,1.0,1.0,1.0,1.0,1.0,0.25,0.5,0.0,0.5,0.5,0.0,0.5,0.5789473684210527,0.55,8,9,0
0.0,1.0,0.2857142857142856,1.0,0.0,1.0,0.5,0.25,0.5,0.5,0.3333333333333333,0.5,0.3333333333333333,0.0,1.0,1.0,1.0,0.0,1.0,1.0,0.0,1.0,0.0,0.75,1.0,0.0,0.0,0.0,0.5,0.02666666666666667,0.3125,0.42105263157894735,0.5,0,13,0
0.0,0.0,0.1428571428571428,1.0,0.0,1.0,0.75,1.0,0.0,0.5,0.0,0.5,0.0,0.3333333333333333,0.0,0.0,1.0,0.0,0.0,1.0,1.0,1.0,0.0,0.25,0.75,0.5,0.0,0.25,0.5,0.16,0.125,0.2631578947368421,0.25,-8,15,1
0.0,1.0,0.0,1.0,0.0,1.0,0.5,0.75,0.5,0.75,0.0,0.0,0.0,0.0,0.0,1.0,1.0,1.0,1.0,0.0,1.0,1.0,1.0,0.5,0.25,0.25,0.0,0.5,0.5,0.02666666666666667,0.4375,0.631578947368421,0.6000000000000001,0,8,0
0.0,1.0,0.0,1.0,0.0,1.0,0.5,0.75,0.5,0.5,0.3333333333333333,0.5,0.0,0.6666666666666667,0.0,1.0,0.0,1.0,0.0,0.0,1.0,1.0,0.0,1.0,0.5,0.25,0.0,0.25,1.0,0.05333333333333334,0.5,0.5263157894736842,0.55,2,9,0
0.0,0.0,0.0,1.0,1.0,1.0,0.75,0.5,0.75,0.5,1.0,0.5,0.0,0.3333333333333333,0.0,0.0,1.0,1.0,0.0,1.0,1.0,1.0,0.0,0.75,0.75,0.75,0.0,0.0,1.0,0.13333333333333333,0.25,0.3157894736842105,0.30000000000000004,-6,14,0
0.0,1.0,0.0,1.0,1.0,1.0,0.5,0.5,0.75,0.75,0.3333333333333333,0.5,0.3333333333333333,0.3333333333333333,0.0,0.0,0.0,1.0,1.0,1.0,1.0,1.0,0.0,1.0,0.5,0.5,0.0,0.5,0.75,0.05333333333333334,0.75,0.7894736842105263,0.75,0,5,0
0.0,0.0,0.0,1.0,0.0,1.0,0.25,0.25,0.5,0.5,0.3333333333333333,0.0,0.0,0.3333333333333333,0.0,0.0,1.0,0.0,1.0,0.0,1.0,1.0,0.0,0.75,0.5,0.25,0.25,0.5,0.75,0.02666666666666667,0.375,0.5263157894736842,0.5,2,10,0
0.0,0.0,0.0,1.0,0.0,1.0,1.0,1.0,0.75,0.75,1.0,0.0,0.3333333333333333,0.3333333333333333,0.6666666666666666,0.0,0.0,1.0,0.0,1.0,1.0,1.0,1.0,0.75,0.75,0.75,0.25,0.5,1.0,0.08,0.25,0.47368421052631576,0.4,-2,14,1
0.0,0.0,0.1428571428571428,1.0,1.0,1.0,0.5,0.5,0.0,0.5,0.0,0.5,0.0,0.3333333333333333,0.0,0.0,1.0,0.0,0.0,1.0,1.0,0.0,0.0,0.75,0.5,0.75,0.0,0.25,0.25,0.05333333333333334,0.3125,0.3684210526315789,0.30000000000000004,0,14,0
0.0,0.0,0.0,1.0,0.0,1.0,1.0,0.5,0.5,0.5,1.0,0.5,0.0,0.6666666666666667,0.0,0.0,1.0,0.0,1.0,1.0,1.0,1.0,0.0,1.0,0.5,0.5,0.0,0.5,0.0,0.05333333333333334,0.625,0.7368421052631579,0.7000000000000001,2,6,0
0.0,1.0,0.1428571428571428,1.0,0.0,1.0,0.5,0.5,0.75,0.5,1.0,0.0,0.3333333333333333,0.3333333333333333,0.3333333333333333,0.0,0.0,1.0,1.0,0.0,1.0,1.0,0.0,0.75,0.75,0.25,0.0,0.0,0.5,0.16,0.5,0.5263157894736842,0.5,-8,11,0
0.0,1.0,0.1428571428571428,1.0,1.0,0.0,1.0,1.0,1.0,0.25,1.0,0.5,0.0,0.3333333333333333,0.0,0.0,1.0,0.0,0.0,1.0,1.0,0.0,0.0,0.75,0.0,0.5,0.5,1.0,1.0,0.24000000000000002,0.3125,0.3157894736842105,0.35000000000000003,-14,13,1
0.0,0.0,0.1428571428571428,1.0,0.0,1.0,0.75,0.75,0.5,0.5,0.3333333333333333,0.5,0.0,0.6666666666666667,0.0,0.0,1.0,1.0,0.0,1.0,1.0,1.0,1.0,0.75,0.5,0.5,0.0,0.5,0.75,0.0,0.25,0.3684210526315789,0.4,6,12,0
0.0,0.0,0.0,1.0,0.0,1.0,1.0,0.75,0.75,0.5,1.0,0.5,0.0,0.0,0.0,0.0,0.0,1.0,1.0,1.0,1.0,1.0,0.0,0.75,1.0,1.0,0.0,0.5,0.0,0.05333333333333334,0.8125,0.894736842105263,0.9,-2,2,0
0.0,0.0,0.1428571428571428,1.0,1.0,1.0,0.75,0.25,0.5,0.5,0.3333333333333333,0.0,0.0,0.3333333333333333,0.0,1.0,1.0,0.0,0.0,1.0,1.0,0.0,0.0,0.5,0.5,0.5,0.25,0.5,0.25,0.05333333333333334,0.25,0.3157894736842105,0.30000000000000004,0,14,0
0.0,0.0,0.1428571428571428,1.0,0.0,1.0,1.0,0.5,1.0,0.75,0.3333333333333333,0.5,0.3333333333333333,0.3333333333333333,0.0,0.0,1.0,1.0,1.0,1.0,1.0,1.0,0.0,1.0,0.5,0.5,0.0,0.0,0.0,0.0,0.5,0.5263157894736842,0.5,4,10,0
0.0,1.0,0.0,1.0,1.0,1.0,0.5,0.5,0.75,0.25,1.0,0.5,0.0,1.0,0.0,0.0,1.0,0.0,1.0,1.0,1.0,1.0,0.0,0.75,0.5,0.75,0.0,0.0,0.75,0.08,0.5,0.6842105263157894,0.7000000000000001,2,6,0
0.0,0.0,0.0,0.0,0.0,1.0,0.25,0.25,0.0,0.5,0.3333333333333333,0.5,0.3333333333333333,1.0,0.3333333333333333,1.0,1.0,1.0,1.0,1.0,1.0,1.0,0.0,0.5,0.0,0.25,0.0,0.0,0.0,0.02666666666666667,0.25,0.5263157894736842,0.5,6,11,0
0.0,1.0,0.1428571428571428,0.0,0.0,1.0,1.0,0.75,0.75,0.5,1.0,0.5,0.3333333333333333,0.0,0.0,1.0,1.0,0.0,1.0,0.0,1.0,1.0,0.0,0.5,0.5,0.5,0.0,0.0,0.75,0.02666666666666667,0.5,0.7894736842105263,0.75,0,5,0
0.0,0.0,0.1428571428571428,1.0,0.0,1.0,0.5,0.25,0.5,0.5,0.0,0.5,0.0,0.3333333333333333,0.0,0.0,1.0,1.0,0.0,1.0,1.0,0.0,1.0,0.75,0.5,1.0,0.0,0.0,1.0,0.02666666666666667,0.3125,0.47368421052631576,0.5,2,10,0
0.0,0.0,0.1428571428571428,1.0,0.0,1.0,1.0,1.0,0.5,0.5,1.0,0.5,0.0,0.0,0.0,0.0,0.0,0.0,1.0,0.0,1.0,1.0,0.0,1.0,0.5,0.75,0.0,0.25,0.0,0.08,0.5,0.7368421052631579,0.7000000000000001,-4,6,0
0.0,0.0,0.1428571428571428,1.0,0.0,1.0,1.0,0.75,0.5,0.0,0.0,0.5,0.0,0.6666666666666667,0.0,1.0,1.0,1.0,0.0,1.0,1.0,1.0,0.0,1.0,0.5,1.0,0.0,0.0,0.5,0.0,0.25,0.47368421052631576,0.4,6,12,0
0.0,1.0,0.1428571428571428,1.0,0.0,1.0,1.0,1.0,0.75,0.75,0.6666666666666666,0.5,0.0,0.0,0.0,1.0,1.0,1.0,1.0,1.0,1.0,1.0,0.0,0.75,1.0,1.0,1.0,1.0,0.75,0.18666666666666668,0.25,0.3684210526315789,0.25,-12,15,1
0.0,1.0,0.1428571428571428,1.0,0.0,1.0,1.0,1.0,0.75,1.0,0.6666666666666666,0.0,0.0,0.6666666666666667,0.0,0.0,1.0,0.0,1.0,1.0,1.0,1.0,1.0,0.75,0.75,0.5,0.0,0.0,0.75,0.0,0.8125,0.894736842105263,0.8500000000000001,6,3,0
0.0,1.0,0.0,1.0,0.0,1.0,1.0,1.0,0.75,0.5,0.0,0.5,0.0,0.0,0.0,0.0,1.0,0.0,1.0,0.0,1.0,1.0,0.0,1.0,0.5,0.5,0.0,0.0,1.0,0.05333333333333334,0.4375,0.6842105263157894,0.7000000000000001,-2,6,0
0.0,0.0,0.0,1.0,0.0,1.0,0.75,0.5,0.75,0.5,0.3333333333333333,0.5,0.3333333333333333,0.3333333333333333,0.0,1.0,1.0,1.0,0.0,1.0,1.0,1.0,0.0,0.75,0.5,1.0,0.0,0.0,0.25,0.3466666666666667,0.25,0.3157894736842105,0.30000000000000004,-22,14,1
0.0,1.0,0.0,1.0,0.0,0.0,0.75,1.0,0.75,0.5,0.0,0.5,0.0,0.3333333333333333,0.0,0.0,1.0,1.0,1.0,1.0,1.0,1.0,0.0,1.0,0.75,0.75,0.0,0.0,0.0,0.0,0.8125,0.9473684210526315,0.9,4,2,0
0.0,0.0,0.0,1.0,0.0,0.0,0.75,0.75,0.5,0.25,1.0,0.0,0.0,1.0,0.0,1.0,0.0,0.0,0.0,1.0,1.0,0.0,0.0,0.75,0.5,0.5,0.0,0.0,0.75,0.13333333333333333,0.4375,0.5789473684210527,0.55,-2,9,0
0.0,0.0,0.0,1.0,0.0,1.0,0.5,0.5,0.5,0.5,0.0,0.5,0.0,1.0,0.0,1.0,1.0,1.0,0.0,1.0,1.0,1.0,0.0,1.0,0.0,0.25,0.0,0.0,0.5,0.10666666666666667,0.25,0.42105263157894735,0.4,0,12,0
0.0,1.0,0.1428571428571428,1.0,0.0,1.0,0.75,0.75,0.75,0.5,0.3333333333333333,0.0,0.0,0.6666666666666667,0.0,0.0,1.0,0.0,1.0,1.0,1.0,1.0,0.0,1.0,0.5,0.5,0.0,0.0,1.0,0.02666666666666667,0.8125,0.9473684210526315,0.9,4,2,0
0.0,1.0,0.0,0.0,0.0,1.0,1.0,1.0,0.5,0.5,0.3333333333333333,0.0,1.0,1.0,0.0,0.0,1.0,1.0,1.0,1.0,1.0,1.0,1.0,0.0,0.5,1.0,0.5,1.0,0.0,0.08,0.4375,0.6842105263157894,0.65,2,7,0
0.0,0.0,0.1428571428571428,1.0,1.0,1.0,1.0,1.0,0.25,0.25,0.6666666666666666,0.5,0.0,0.6666666666666667,0.0,0.0,1.0,1.0,1.0,1.0,1.0,1.0,1.0,1.0,0.75,1.0,0.0,0.0,0.75,0.05333333333333334,0.6875,0.7894736842105263,0.8,2,4,0
0.0,1.0,0.0,1.0,1.0,0.0,1.0,1.0,1.0,1.0,0.0,0.5,0.0,0.0,0.0,0.0,0.0,0.0,1.0,1.0,1.0,1.0,0.0,1.0,1.0,0.5,0.0,0.0,0.75,0.08,0.9375,1.0,0.9500000000000001,-4,1,0
0.0,0.0,0.1428571428571428,0.0,0.0,1.0,0.75,0.75,0.75,0.5,1.0,0.0,0.0,0.6666666666666667,0.3333333333333333,1.0,1.0,0.0,1.0,1.0,1.0,1.0,0.0,0.75,0.0,0.25,0.0,0.0,0.25,0.0,0.25,0.5263157894736842,0.5,6,11,0
0.0,0.0,0.1428571428571428,1.0,0.0,1.0,0.5,0.5,0.0,0.5,0.3333333333333333,0.5,0.0,0.3333333333333333,0.3333333333333333,1.0,0.0,0.0,1.0,1.0,1.0,1.0,0.0,0.5,0.0,0.25,0.0,0.0,1.0,0.08,0.4375,0.6842105263157894,0.65,-2,8,0
0.0,1.0,0.0,1.0,1.0,1.0,1.0,0.5,1.0,0.5,0.0,0.5,0.0,0.0,0.0,0.0,0.0,0.0,0.0,1.0,1.0,1.0,0.0,0.5,1.0,0.25,0.0,0.0,0.5,0.13333333333333333,0.9375,1.0,0.9500000000000001,-8,1,0
0.0,1.0,0.0,0.0,0.0,1.0,0.5,0.25,0.25,0.75,1.0,0.5,0.0,0.3333333333333333,0.0,0.0,0.0,0.0,1.0,1.0,1.0,1.0,1.0,1.0,0.75,0.25,0.0,0.0,1.0,0.10666666666666667,0.375,0.47368421052631576,0.45,-4,11,0
0.0,1.0,0.1428571428571428,1.0,0.0,1.0,1.0,1.0,1.0,1.0,0.0,0.0,0.0,0.3333333333333333,0.0,0.0,1.0,0.0,1.0,1.0,1.0,1.0,0.0,1.0,0.75,0.75,0.0,0.25,1.0,0.02666666666666667,0.75,0.7894736842105263,0.8,2,4,0
0.0,1.0,0.0,1.0,0.0,1.0,1.0,1.0,0.5,1.0,1.0,0.0,0.3333333333333333,0.3333333333333333,0.0,0.0,1.0,0.0,1.0,1.0,1.0,0.0,0.0,0.75,0.75,0.5,0.0,0.0,0.25,0.02666666666666667,0.5,0.6842105263157894,0.7000000000000001,2,6,0
0.0,1.0,0.1428571428571428,1.0,0.0,1.0,0.75,0.75,0.5,0.75,0.3333333333333333,0.0,0.3333333333333333,0.0,0.0,0.0,0.0,0.0,1.0,1.0,1.0,1.0,0.0,1.0,0.75,0.25,0.0,0.0,1.0,0.0,0.625,0.7368421052631579,0.65,2,7,0
0.0,1.0,0.2857142857142856,0.0,0.0,1.0,0.25,0.75,0.5,0.5,0.0,0.0,0.6666666666666667,0.3333333333333333,0.3333333333333333,0.0,1.0,0.0,1.0,1.0,1.0,1.0,0.0,1.0,0.25,0.75,0.0,0.75,1.0,0.26666666666666666,0.375,0.3684210526315789,0.4,-16,13,1
0.0,1.0,0.0,1.0,0.0,1.0,0.75,1.0,0.5,0.5,1.0,0.0,0.0,0.0,0.0,0.0,0.0,0.0,0.0,1.0,1.0,1.0,0.0,0.5,0.75,0.5,0.0,0.25,0.75,0.08,0.6875,0.6842105263157894,0.65,-4,7,0
0.0,0.0,0.0,1.0,0.0,1.0,0.25,0.5,0.0,0.75,0.0,0.5,0.0,0.3333333333333333,0.0,0.0,0.0,0.0,0.0,0.0,1.0,1.0,0.0,0.5,0.25,0.5,0.0,0.25,0.0,0.02666666666666667,0.8125,0.7894736842105263,0.75,2,5,0
0.0,1.0,0.0,1.0,0.0,1.0,0.5,0.5,0.75,0.75,0.3333333333333333,0.0,0.0,1.0,0.0,0.0,1.0,1.0,1.0,1.0,1.0,1.0,0.0,1.0,1.0,0.75,0.0,0.25,1.0,0.08,0.8125,0.7368421052631579,0.75,2,5,0
0.0,0.0,0.1428571428571428,1.0,1.0,1.0,0.5,1.0,0.5,0.25,0.0,0.0,0.3333333333333333,0.3333333333333333,0.0,0.0,1.0,1.0,1.0,1.0,1.0,1.0,1.0,0.75,0.25,0.25,0.0,0.25,1.0,0.02666666666666667,0.625,0.6842105263157894,0.65,2,7,0
0.0,1.0,0.1428571428571428,1.0,0.0,1.0,1.0,1.0,0.25,0.5,0.0,0.5,0.0,0.0,0.0,0.0,1.0,0.0,1.0,1.0,1.0,1.0,0.0,0.5,0.75,0.75,0.0,0.75,1.0,0.24000000000000002,0.6875,0.5789473684210527,0.65,-16,7,0
0.0,0.0,0.1428571428571428,1.0,0.0,1.0,0.5,0.5,0.5,0.5,0.3333333333333333,0.5,0.0,0.3333333333333333,0.0,0.0,0.0,1.0,0.0,1.0,1.0,1.0,1.0,1.0,0.75,0.75,0.0,0.0,1.0,0.0,0.3125,0.3684210526315789,0.4,4,12,0
0.0,1.0,0.0,1.0,0.0,1.0,0.75,1.0,0.75,0.75,0.3333333333333333,0.0,0.0,0.0,0.0,1.0,0.0,0.0,0.0,1.0,1.0,1.0,0.0,1.0,1.0,1.0,0.5,0.25,1.0,0.0,0.625,0.6842105263157894,0.6000000000000001,2,8,0
0.0,0.0,0.0,1.0,1.0,0.0,0.75,1.0,0.5,0.5,0.3333333333333333,0.5,0.0,0.3333333333333333,0.0,1.0,0.0,0.0,1.0,1.0,1.0,1.0,1.0,1.0,0.5,0.25,0.0,0.0,0.0,0.0,0.25,0.5263157894736842,0.55,4,9,0
0.0,0.0,0.5714285714285712,1.0,0.0,1.0,0.0,0.25,0.0,0.5,0.0,1.0,0.0,0.3333333333333333,1.0,0.0,1.0,0.0,0.0,0.0,0.0,0.0,0.0,0.5,0.75,0.25,0.0,0.0,1.0,0.02666666666666667,0.25,0.42105263157894735,0.45,2,14,1
0.0,1.0,0.4285714285714284,0.0,0.0,1.0,0.5,0.5,0.75,0.5,1.0,0.5,0.0,0.0,0.6666666666666666,0.0,1.0,0.0,1.0,1.0,1.0,1.0,0.0,0.5,0.5,0.5,0.0,0.25,0.75,0.0,0.25,0.21052631578947367,0.0,2,22,1
0.0,1.0,0.1428571428571428,0.0,0.0,1.0,1.0,1.0,1.0,1.0,0.0,0.5,0.0,0.0,0.0,0.0,0.0,1.0,1.0,1.0,1.0,1.0,0.0,0.5,1.0,1.0,0.25,1.0,0.75,0.10666666666666667,0.9375,0.9473684210526315,0.9,-6,2,0
0.0,0.0,0.0,0.0,0.0,1.0,0.75,1.0,0.75,1.0,0.0,0.0,0.3333333333333333,0.6666666666666667,0.6666666666666666,0.0,1.0,0.0,0.0,1.0,1.0,1.0,1.0,0.75,0.25,0.25,0.25,0.25,1.0,0.0,0.5625,0.0,0.0,6,22,1
0.0,0.0,0.0,1.0,0.0,1.0,0.25,0.25,0.0,0.5,0.0,0.5,0.6666666666666667,0.0,0.0,0.0,1.0,0.0,1.0,0.0,1.0,1.0,1.0,0.75,0.5,0.5,0.0,0.25,0.75,0.0,0.3125,0.0,0.0,2,20,0
0.0,0.0,0.2857142857142856,1.0,1.0,1.0,0.5,0.5,0.5,0.5,0.0,0.0,0.0,0.0,0.0,0.0,1.0,0.0,0.0,1.0,1.0,1.0,1.0,0.5,0.75,0.75,0.0,0.5,1.0,0.16,0.4375,0.6842105263157894,0.6000000000000001,-10,8,0
0.0,0.0,0.1428571428571428,1.0,0.0,0.0,0.75,1.0,0.75,0.5,0.0,0.0,0.0,0.0,0.0,0.0,0.0,0.0,0.0,1.0,1.0,1.0,0.0,0.5,0.25,0.0,0.0,0.75,1.0,0.21333333333333335,0.5625,0.5789473684210527,0.55,-14,9,0
0.0,1.0,0.0,0.0,0.0,1.0,0.75,1.0,0.0,1.0,0.0,0.5,1.0,0.3333333333333333,0.0,0.0,1.0,0.0,0.0,1.0,1.0,0.0,1.0,1.0,0.5,0.5,0.0,0.0,1.0,0.0,0.375,0.0,0.0,4,20,0
0.0,0.0,0.0,1.0,0.0,1.0,1.0,1.0,0.75,0.0,0.0,0.5,0.0,0.6666666666666667,0.0,0.0,1.0,0.0,1.0,1.0,1.0,1.0,1.0,0.75,0.5,0.5,0.0,0.0,1.0,0.0,0.5,0.0,0.0,6,20,0
0.0,1.0,0.2857142857142856,0.0,0.0,1.0,0.75,1.0,0.0,0.5,0.0,0.5,0.6666666666666667,0.3333333333333333,0.0,0.0,0.0,0.0,0.0,1.0,1.0,0.0,0.0,1.0,0.75,1.0,0.25,0.75,1.0,0.0,0.4375,0.0,0.0,4,20,0
0.0,0.0,0.1428571428571428,1.0,0.0,0.0,0.75,0.75,0.5,0.5,0.0,1.0,0.3333333333333333,0.0,0.6666666666666666,0.0,1.0,0.0,1.0,0.0,1.0,1.0,1.0,0.75,0.5,0.25,0.0,0.0,1.0,0.0,0.0625,0.0,0.0,2,22,1
0.0,1.0,0.1428571428571428,1.0,1.0,1.0,0.25,0.25,0.75,0.5,0.0,0.5,0.0,0.3333333333333333,0.3333333333333333,0.0,0.0,0.0,0.0,1.0,1.0,0.0,1.0,0.75,0.75,0.75,0.0,0.5,1.0,0.0,0.6875,0.631578947368421,0.6000000000000001,4,9,0
0.0,0.0,0.0,1.0,0.0,1.0,1.0,1.0,1.0,1.0,0.0,0.5,0.3333333333333333,0.0,0.0,0.0,0.0,0.0,1.0,1.0,1.0,1.0,0.0,0.75,0.5,0.25,0.0,0.0,1.0,0.0,0.8125,0.8421052631578947,0.75,2,5,0
0.0,1.0,0.0,1.0,0.0,1.0,1.0,0.75,1.0,0.75,0.0,0.0,0.3333333333333333,1.0,0.0,1.0,1.0,0.0,0.0,1.0,1.0,1.0,0.0,0.25,0.25,0.25,0.0,0.0,0.5,0.0,0.25,0.47368421052631576,0.0,8,20,0
0.0,1.0,0.1428571428571428,1.0,1.0,1.0,0.5,0.5,0.75,0.75,1.0,0.0,0.3333333333333333,0.0,0.6666666666666666,0.0,1.0,0.0,1.0,1.0,1.0,1.0,0.0,0.25,0.5,0.5,0.25,0.25,0.25,0.10666666666666667,0.375,0.47368421052631576,0.45,-6,13,1
0.0,0.0,0.0,1.0,0.0,1.0,1.0,1.0,1.0,0.75,0.0,0.5,0.0,0.6666666666666667,0.0,0.0,1.0,1.0,1.0,1.0,1.0,1.0,0.0,0.75,0.25,0.25,0.0,0.0,1.0,0.02666666666666667,0.375,0.5789473684210527,0.55,4,9,0
0.0,0.0,0.1428571428571428,1.0,1.0,1.0,0.25,0.25,0.0,0.0,0.0,0.5,0.0,0.0,0.0,0.0,0.0,0.0,0.0,1.0,1.0,1.0,0.0,0.5,0.75,0.75,0.5,0.5,0.0,0.02666666666666667,0.6875,0.7368421052631579,0.65,0,7,0
0.0,1.0,0.2857142857142856,1.0,0.0,1.0,0.5,0.25,0.5,0.5,0.3333333333333333,0.5,0.0,0.0,1.0,0.0,1.0,0.0,0.0,1.0,1.0,1.0,0.0,1.0,0.75,1.0,0.0,0.25,1.0,0.0,0.125,0.0,0.0,2,23,1
0.0,0.0,0.0,1.0,0.0,1.0,0.25,0.25,0.5,0.75,0.0,0.0,0.0,0.3333333333333333,0.0,0.0,1.0,1.0,0.0,1.0,1.0,1.0,0.0,0.75,0.75,0.25,0.0,0.25,1.0,0.0,0.3125,0.5789473684210527,0.55,4,9,0
0.0,0.0,0.0,1.0,0.0,1.0,0.75,0.5,0.25,0.75,0.3333333333333333,0.0,0.0,0.3333333333333333,1.0,0.0,1.0,0.0,0.0,1.0,1.0,1.0,0.0,0.5,0.5,0.25,0.0,0.0,0.5,0.0,0.1875,0.3684210526315789,0.0,4,23,1
0.0,0.0,0.0,1.0,0.0,1.0,0.25,0.5,0.0,0.5,0.0,0.5,0.0,0.3333333333333333,0.0,0.0,1.0,1.0,0.0,0.0,1.0,1.0,0.0,0.75,0.5,0.25,0.0,0.0,1.0,0.02666666666666667,0.4375,0.5789473684210527,0.55,2,9,0
0.0,1.0,0.1428571428571428,1.0,0.0,1.0,1.0,1.0,1.0,1.0,0.0,0.5,0.0,0.0,0.0,0.0,1.0,0.0,0.0,1.0,0.0,1.0,1.0,0.5,0.5,0.25,0.25,0.0,1.0,0.0,0.25,0.3157894736842105,0.0,2,20,0
0.0,1.0,0.0,1.0,1.0,0.0,0.5,0.25,0.75,0.5,0.0,0.5,1.0,0.0,1.0,0.0,0.0,0.0,0.0,1.0,1.0,1.0,0.0,0.75,1.0,1.0,0.25,1.0,1.0,0.0,0.3125,0.47368421052631576,0.5,2,13,0
0.0,1.0,0.4285714285714284,1.0,1.0,1.0,0.25,0.25,0.5,0.5,0.0,0.5,0.0,0.0,1.0,0.0,0.0,0.0,0.0,1.0,0.0,1.0,1.0,0.25,0.5,1.0,0.25,1.0,0.75,0.0,0.1875,0.2631578947368421,0.0,2,23,1
0.0,1.0,0.1428571428571428,1.0,1.0,1.0,0.5,0.25,0.0,0.5,0.0,0.5,0.0,0.0,0.3333333333333333,0.0,0.0,0.0,1.0,1.0,1.0,0.0,1.0,0.75,0.75,0.75,0.5,1.0,1.0,0.08,0.5625,0.6842105263157894,0.7000000000000001,-4,7,0
0.0,0.0,0.0,0.0,0.0,1.0,0.75,0.75,0.75,0.75,1.0,1.0,0.3333333333333333,0.6666666666666667,0.6666666666666666,0.0,1.0,1.0,1.0,1.0,1.0,1.0,1.0,0.75,0.25,0.0,0.25,0.5,0.5,0.10666666666666667,0.4375,0.5263157894736842,0.5,-2,12,0
0.0,1.0,0.5714285714285712,1.0,0.0,1.0,0.75,0.5,0.75,0.0,0.3333333333333333,0.5,0.0,0.0,1.0,0.0,1.0,0.0,0.0,1.0,0.0,1.0,1.0,0.75,1.0,0.75,0.0,0.0,0.75,0.0,0.125,0.0,0.0,2,23,1
0.0,0.0,0.2857142857142856,1.0,0.0,1.0,1.0,1.0,0.5,1.0,0.0,0.5,0.0,0.0,0.0,1.0,1.0,0.0,0.0,1.0,1.0,0.0,1.0,0.75,0.25,0.0,0.0,0.0,0.75,0.0,0.5,0.5789473684210527,0.6000000000000001,2,8,0
0.0,1.0,0.0,0.0,0.0,1.0,0.5,0.75,0.0,0.75,0.0,0.5,0.0,0.3333333333333333,0.0,1.0,0.0,1.0,1.0,1.0,1.0,0.0,0.0,0.75,0.75,0.75,0.0,0.0,0.0,0.02666666666666667,0.5,0.42105263157894735,0.4,2,12,0
0.0,1.0,0.2857142857142856,0.0,1.0,1.0,0.25,0.5,0.5,0.5,1.0,0.5,0.0,0.0,0.0,0.0,0.0,0.0,0.0,1.0,1.0,0.0,0.0,0.25,0.25,0.25,0.5,0.5,1.0,0.10666666666666667,0.8125,0.631578947368421,0.65,-6,7,0
0.0,0.0,0.4285714285714284,0.0,0.0,1.0,0.25,0.25,0.0,0.5,0.0,0.5,0.6666666666666667,0.0,1.0,0.0,1.0,0.0,1.0,0.0,1.0,0.0,0.0,1.0,0.25,1.0,0.0,1.0,0.75,0.08,0.375,0.42105263157894735,0.5,-4,13,0
0.0,1.0,0.1428571428571428,0.0,0.0,1.0,0.5,0.5,0.0,0.5,0.0,0.5,0.6666666666666667,0.0,0.0,0.0,0.0,0.0,0.0,0.0,1.0,0.0,0.0,0.75,0.25,0.25,0.0,0.25,0.5,0.02666666666666667,0.875,0.7894736842105263,0.75,0,5,0
0.0,1.0,0.1428571428571428,1.0,0.0,1.0,0.75,0.75,0.5,0.75,0.0,0.0,0.0,0.3333333333333333,0.3333333333333333,0.0,1.0,1.0,0.0,1.0,1.0,1.0,1.0,0.75,1.0,1.0,0.75,0.75,1.0,0.05333333333333334,0.4375,0.631578947368421,0.6000000000000001,0,9,0
0.0,1.0,0.2857142857142856,0.0,1.0,1.0,0.5,0.25,0.0,0.5,0.0,0.5,0.3333333333333333,0.0,0.6666666666666666,0.0,0.0,0.0,1.0,1.0,0.0,1.0,1.0,0.5,0.5,0.25,0.25,0.25,1.0,0.0,0.25,0.3157894736842105,0.0,2,22,1
0.0,1.0,0.0,0.0,0.0,1.0,0.75,0.5,0.5,0.5,0.0,0.5,0.3333333333333333,0.3333333333333333,0.6666666666666666,1.0,1.0,0.0,0.0,1.0,1.0,1.0,1.0,0.75,0.75,0.75,0.0,0.75,0.5,0.08,0.125,0.47368421052631576,0.35000000000000003,-2,15,1
0.0,1.0,0.1428571428571428,1.0,1.0,1.0,0.25,0.5,0.5,0.5,0.0,0.5,0.3333333333333333,0.0,0.3333333333333333,0.0,0.0,0.0,1.0,1.0,1.0,0.0,0.0,0.75,0.75,0.75,0.25,0.75,1.0,0.0,0.25,0.0,0.0,2,21,1
0.0,1.0,0.2857142857142856,1.0,0.0,1.0,0.25,0.75,0.0,0.75,0.0,0.0,0.0,0.0,0.0,0.0,0.0,0.0,0.0,1.0,0.0,1.0,0.0,1.0,0.5,0.5,0.0,0.75,0.25,0.02666666666666667,0.4375,0.5263157894736842,0.5,0,10,0
0.0,1.0,0.2857142857142856,0.0,1.0,1.0,0.25,0.25,0.5,0.75,0.0,0.5,1.0,0.3333333333333333,1.0,0.0,0.0,0.0,1.0,1.0,0.0,0.0,1.0,1.0,0.5,1.0,0.0,1.0,1.0,0.0,0.125,0.42105263157894735,0.35000000000000003,4,16,1
0.0,1.0,0.1428571428571428,1.0,0.0,1.0,0.75,0.5,0.75,0.75,0.0,0.5,0.3333333333333333,0.0,0.3333333333333333,0.0,1.0,0.0,1.0,0.0,0.0,0.0,0.0,0.75,1.0,0.25,0.0,0.0,0.25,0.21333333333333335,0.5625,0.5789473684210527,0.6000000000000001,-14,9,0
0.0,1.0,0.1428571428571428,1.0,0.0,1.0,0.5,0.5,0.5,0.5,0.0,0.0,0.0,0.3333333333333333,0.0,0.0,0.0,0.0,0.0,1.0,0.0,1.0,0.0,0.75,0.5,1.0,0.25,0.75,0.75,0.05333333333333334,0.4375,0.5263157894736842,0.5,0,10,0
0.0,0.0,0.1428571428571428,1.0,0.0,1.0,1.0,0.5,0.25,0.75,0.3333333333333333,0.0,0.0,0.3333333333333333,0.0,0.0,0.0,1.0,0.0,1.0,1.0,1.0,1.0,0.75,0.25,0.5,0.0,0.0,0.5,0.0,0.6875,0.7894736842105263,0.8,4,4,0
0.0,0.0,0.1428571428571428,1.0,0.0,1.0,0.5,0.5,0.5,0.5,0.3333333333333333,0.5,0.0,0.3333333333333333,0.0,0.0,1.0,1.0,0.0,0.0,1.0,1.0,0.0,1.0,0.0,1.0,0.0,0.0,0.75,0.0,0.1875,0.3684210526315789,0.0,4,20,0
0.0,0.0,0.1428571428571428,1.0,0.0,1.0,1.0,1.0,0.25,0.25,1.0,0.5,0.0,0.3333333333333333,0.0,0.0,1.0,1.0,0.0,1.0,1.0,1.0,1.0,0.75,0.75,0.25,0.0,0.0,0.5,0.0,0.6875,0.7368421052631579,0.7000000000000001,4,6,0
0.0,1.0,0.1428571428571428,1.0,0.0,1.0,0.75,1.0,0.5,0.5,0.0,0.0,0.6666666666666667,0.0,0.6666666666666666,0.0,1.0,0.0,1.0,0.0,1.0,1.0,0.0,0.5,0.75,1.0,0.25,0.75,0.25,0.0,0.1875,0.2631578947368421,0.0,2,22,1
0.0,1.0,0.1428571428571428,1.0,0.0,1.0,0.25,0.0,0.5,0.5,1.0,0.5,0.3333333333333333,0.3333333333333333,0.0,0.0,1.0,1.0,1.0,1.0,1.0,1.0,1.0,0.75,0.5,0.25,0.0,0.0,0.5,0.02666666666666667,0.625,0.7894736842105263,0.8,2,4,0
0.0,1.0,0.2857142857142856,1.0,1.0,1.0,1.0,1.0,1.0,0.5,1.0,0.5,0.0,0.3333333333333333,0.0,0.0,1.0,1.0,1.0,1.0,1.0,1.0,0.0,0.75,0.75,0.75,0.0,0.5,1.0,0.0,0.625,0.5789473684210527,0.5,4,10,0
0.0,0.0,0.1428571428571428,1.0,0.0,1.0,0.25,0.75,0.0,0.75,0.3333333333333333,0.5,0.0,0.3333333333333333,1.0,0.0,0.0,0.0,1.0,0.0,1.0,1.0,1.0,0.75,0.5,1.0,0.0,0.0,0.5,0.0,0.3125,0.3684210526315789,0.0,4,23,1
0.0,0.0,0.1428571428571428,1.0,1.0,1.0,0.75,0.75,0.5,0.5,1.0,0.5,0.3333333333333333,0.3333333333333333,0.0,0.0,1.0,1.0,1.0,1.0,1.0,1.0,0.0,0.75,0.75,1.0,0.0,0.0,0.75,0.05333333333333334,0.4375,0.5789473684210527,0.45,0,11,0
0.0,1.0,0.2857142857142856,1.0,1.0,1.0,1.0,0.75,1.0,0.5,0.0,0.5,0.3333333333333333,0.3333333333333333,0.0,0.0,0.0,1.0,1.0,1.0,1.0,1.0,0.0,0.75,0.75,0.75,0.75,0.75,0.75,0.05333333333333334,0.4375,0.47368421052631576,0.45,0,11,0
0.0,0.0,0.1428571428571428,1.0,0.0,1.0,0.5,0.5,0.75,0.5,1.0,0.5,0.3333333333333333,0.3333333333333333,0.0,0.0,0.0,1.0,1.0,0.0,1.0,1.0,0.0,0.5,0.75,0.75,0.0,0.75,1.0,0.02666666666666667,0.625,0.6842105263157894,0.55,2,9,0
0.0,1.0,0.2857142857142856,1.0,0.0,1.0,0.75,0.75,0.5,0.5,1.0,0.0,0.0,0.3333333333333333,0.0,0.0,0.0,0.0,1.0,0.0,1.0,1.0,0.0,0.75,0.5,0.75,0.0,0.75,0.75,0.05333333333333334,0.1875,0.2631578947368421,0.30000000000000004,0,14,0
0.0,1.0,0.1428571428571428,0.0,0.0,1.0,1.0,0.5,1.0,0.75,0.6666666666666666,0.5,0.0,0.0,0.0,0.0,1.0,0.0,1.0,1.0,1.0,1.0,1.0,0.75,0.5,0.5,0.5,0.75,0.5,0.13333333333333333,0.4375,0.42105263157894735,0.45,-8,11,0
0.0,1.0,0.2857142857142856,1.0,0.0,1.0,1.0,0.75,0.5,0.5,0.0,0.5,0.0,0.3333333333333333,0.0,0.0,1.0,0.0,1.0,1.0,1.0,1.0,1.0,1.0,0.25,0.5,0.0,0.0,0.25,0.05333333333333334,0.4375,0.5263157894736842,0.55,0,9,0
0.0,1.0,0.1428571428571428,1.0,0.0,1.0,1.0,0.75,1.0,0.5,0.3333333333333333,0.5,0.0,0.3333333333333333,0.0,0.0,1.0,1.0,1.0,1.0,1.0,1.0,0.0,0.5,0.75,0.5,0.25,0.5,0.5,0.13333333333333333,0.375,0.42105263157894735,0.4,-6,12,0
0.0,1.0,0.1428571428571428,1.0,0.0,1.0,0.75,0.75,0.75,0.5,0.3333333333333333,0.5,0.0,0.3333333333333333,0.0,0.0,0.0,1.0,1.0,1.0,1.0,1.0,1.0,0.75,0.25,0.5,0.0,0.25,0.5,0.02666666666666667,0.5625,0.6842105263157894,0.6000000000000001,2,8,0
0.0,0.0,0.2857142857142856,1.0,0.0,1.0,0.5,1.0,0.75,0.75,1.0,0.0,0.0,0.3333333333333333,0.0,0.0,1.0,0.0,1.0,1.0,1.0,0.0,0.0,1.0,0.75,0.25,0.25,0.5,1.0,0.0,0.8125,0.894736842105263,0.8500000000000001,4,3,0
0.0,0.0,0.2857142857142856,1.0,1.0,1.0,0.75,0.75,0.5,0.5,1.0,0.5,0.0,0.3333333333333333,0.0,0.0,1.0,0.0,1.0,1.0,1.0,1.0,1.0,1.0,0.5,0.5,0.25,0.5,0.0,0.7466666666666667,0.375,0.47368421052631576,0.4,-52,12,1
0.0,0.0,0.1428571428571428,1.0,0.0,1.0,0.75,0.5,0.5,0.5,1.0,0.5,0.0,0.3333333333333333,0.0,0.0,1.0,1.0,0.0,1.0,1.0,1.0,0.0,0.0,0.25,0.25,0.0,0.25,0.0,0.18666666666666668,0.5625,0.6842105263157894,0.6000000000000001,-10,8,0
0.0,1.0,0.2857142857142856,1.0,0.0,1.0,0.75,0.75,0.75,0.75,0.6666666666666666,0.5,0.0,0.3333333333333333,0.0,0.0,1.0,0.0,1.0,1.0,1.0,1.0,1.0,0.75,0.5,0.75,0.25,0.5,0.75,0.16,0.5625,0.631578947368421,0.55,-8,9,0
0.0,1.0,0.1428571428571428,1.0,0.0,1.0,0.25,0.5,0.75,0.75,0.6666666666666666,0.5,0.0,0.0,0.0,0.0,1.0,1.0,1.0,1.0,1.0,1.0,1.0,0.5,0.5,0.5,0.0,0.25,0.5,0.02666666666666667,0.5,0.631578947368421,0.55,0,9,0
0.0,1.0,0.1428571428571428,1.0,1.0,1.0,0.5,0.25,0.5,0.5,0.0,0.5,0.0,0.3333333333333333,0.0,0.0,0.0,1.0,1.0,1.0,1.0,1.0,1.0,0.75,0.25,0.5,0.0,0.25,1.0,0.0,0.75,0.7894736842105263,0.75,4,5,0
0.0,0.0,0.2857142857142856,1.0,0.0,0.0,0.75,0.75,0.25,0.5,1.0,0.5,0.0,0.3333333333333333,0.0,0.0,1.0,0.0,0.0,0.0,1.0,1.0,1.0,0.5,0.5,0.5,0.0,0.5,0.5,0.08,0.3125,0.3684210526315789,0.45,-2,11,0
0.0,1.0,0.2857142857142856,0.0,0.0,1.0,0.25,0.5,0.0,0.5,0.3333333333333333,0.5,0.0,0.3333333333333333,0.0,0.0,0.0,0.0,0.0,1.0,1.0,0.0,0.0,0.5,0.0,0.5,0.0,1.0,0.5,0.05333333333333334,0.3125,0.47368421052631576,0.5,0,10,0
0.0,0.0,0.1428571428571428,1.0,0.0,1.0,0.5,0.75,0.75,0.75,0.0,0.5,0.0,0.3333333333333333,0.0,0.0,0.0,0.0,0.0,1.0,1.0,1.0,0.0,0.75,0.5,0.5,0.0,0.0,0.25,0.13333333333333333,0.5,0.631578947368421,0.65,-6,7,0
0.0,0.0,0.2857142857142856,1.0,0.0,1.0,0.25,0.25,0.0,0.75,0.0,0.5,0.0,0.3333333333333333,0.0,0.0,0.0,0.0,1.0,1.0,1.0,1.0,0.0,1.0,0.5,0.5,0.0,0.0,0.5,0.0,0.3125,0.42105263157894735,0.45,4,11,0
0.0,1.0,0.2857142857142856,1.0,0.0,1.0,0.25,0.5,0.0,0.75,0.6666666666666666,1.0,0.3333333333333333,0.3333333333333333,0.0,0.0,0.0,1.0,1.0,0.0,1.0,1.0,0.0,0.75,0.75,0.75,0.75,1.0,1.0,0.16,0.25,0.42105263157894735,0.4,-8,12,1
0.0,1.0,0.1428571428571428,0.0,0.0,1.0,0.75,0.75,0.75,0.75,1.0,0.5,0.0,0.0,0.0,0.0,1.0,0.0,1.0,1.0,1.0,1.0,0.0,0.75,0.5,0.25,0.5,0.75,1.0,0.10666666666666667,0.3125,0.47368421052631576,0.5,-6,10,0
0.0,1.0,0.1428571428571428,1.0,0.0,1.0,0.5,0.75,0.5,0.5,0.3333333333333333,0.0,0.3333333333333333,0.0,0.0,0.0,0.0,0.0,0.0,1.0,1.0,1.0,0.0,1.0,0.5,0.5,0.0,0.0,0.5,0.0,0.625,0.7368421052631579,0.7000000000000001,2,6,0
0.0,0.0,0.2857142857142856,1.0,1.0,1.0,0.5,1.0,0.75,0.75,0.0,0.0,0.0,0.3333333333333333,0.0,0.0,0.0,0.0,1.0,1.0,1.0,1.0,1.0,0.75,0.5,0.25,0.0,0.0,1.0,0.0,0.6875,0.7894736842105263,0.75,4,5,0
0.0,1.0,0.2857142857142856,1.0,0.0,1.0,1.0,1.0,0.75,1.0,0.3333333333333333,0.5,0.0,0.0,0.0,0.0,0.0,0.0,0.0,1.0,1.0,1.0,0.0,1.0,0.25,0.5,0.0,0.25,1.0,0.05333333333333334,0.875,0.7894736842105263,0.8,-2,4,0
0.0,1.0,0.1428571428571428,0.0,1.0,1.0,0.75,0.75,1.0,0.5,0.3333333333333333,0.0,0.6666666666666667,0.0,0.0,0.0,1.0,1.0,1.0,1.0,1.0,1.0,0.0,0.5,0.5,0.75,0.5,1.0,0.5,0.10666666666666667,0.375,0.47368421052631576,0.5,-6,10,0
0.0,0.0,0.2857142857142856,1.0,0.0,1.0,1.0,1.0,0.75,1.0,0.3333333333333333,0.5,0.3333333333333333,0.0,0.3333333333333333,0.0,1.0,0.0,0.0,1.0,1.0,1.0,0.0,0.75,0.25,0.75,0.25,0.5,0.25,0.32,0.9375,0.9473684210526315,0.9,-22,3,0
0.0,0.0,0.1428571428571428,1.0,1.0,1.0,1.0,1.0,1.0,1.0,1.0,0.5,0.0,0.3333333333333333,0.0,0.0,1.0,1.0,0.0,1.0,1.0,1.0,0.0,0.75,1.0,0.25,0.0,0.25,0.5,0.0,0.375,0.47368421052631576,0.5,4,10,0
0.0,0.0,0.1428571428571428,1.0,0.0,1.0,1.0,0.75,0.25,0.5,0.3333333333333333,0.5,0.0,0.3333333333333333,0.0,0.0,1.0,0.0,1.0,1.0,1.0,1.0,0.0,0.75,0.5,1.0,0.0,1.0,0.25,0.02666666666666667,0.8125,0.8421052631578947,0.8,2,4,0
0.0,0.0,0.1428571428571428,1.0,0.0,1.0,0.5,0.75,0.5,0.5,1.0,0.5,0.0,0.3333333333333333,0.0,1.0,1.0,1.0,1.0,1.0,1.0,0.0,0.0,0.75,0.75,0.5,0.0,0.5,0.75,0.08,0.3125,0.5263157894736842,0.5,-2,10,0
0.0,0.0,0.2857142857142856,1.0,0.0,1.0,0.25,0.25,0.5,0.5,0.0,0.5,0.0,0.3333333333333333,0.0,0.0,1.0,1.0,0.0,0.0,1.0,0.0,0.0,0.75,0.75,0.75,0.0,0.5,0.0,0.05333333333333334,0.375,0.47368421052631576,0.5,0,10,0
0.0,0.0,0.2857142857142856,0.0,0.0,1.0,0.5,0.5,0.5,0.5,1.0,0.5,0.0,0.0,0.0,0.0,1.0,0.0,0.0,1.0,1.0,1.0,0.0,1.0,0.5,0.25,0.0,0.25,0.5,0.24000000000000002,0.25,0.3157894736842105,0.30000000000000004,-16,14,1
0.0,0.0,0.1428571428571428,0.0,0.0,1.0,0.5,0.5,0.75,0.75,1.0,0.5,0.3333333333333333,1.0,0.0,0.0,1.0,1.0,1.0,0.0,1.0,1.0,0.0,1.0,0.5,1.0,0.0,0.0,1.0,0.08,0.4375,0.5263157894736842,0.55,2,9,0
0.0,0.0,0.2857142857142856,1.0,0.0,1.0,0.75,1.0,0.0,0.75,0.3333333333333333,0.5,0.0,0.6666666666666667,0.3333333333333333,0.0,1.0,1.0,0.0,1.0,1.0,1.0,1.0,0.75,0.75,0.5,0.5,0.75,1.0,0.37333333333333335,0.4375,0.47368421052631576,0.45,-22,12,1
0.0,0.0,0.1428571428571428,1.0,0.0,0.0,0.75,0.25,0.75,0.5,0.0,0.5,0.0,0.3333333333333333,1.0,0.0,1.0,1.0,0.0,1.0,1.0,1.0,0.0,0.25,0.5,0.5,0.25,0.25,0.75,0.06666666666666667,0.25,0.3684210526315789,0.35000000000000003,-1,16,1
0.0,0.0,0.1428571428571428,1.0,0.0,1.0,1.0,0.75,1.0,0.5,0.6666666666666666,0.5,0.0,0.3333333333333333,0.0,0.0,0.0,1.0,1.0,1.0,1.0,1.0,1.0,0.0,0.5,0.25,0.0,0.0,0.0,0.13333333333333333,0.5,0.631578947368421,0.65,-6,7,0
0.0,0.0,0.1428571428571428,1.0,0.0,1.0,0.25,0.25,0.0,0.5,0.3333333333333333,0.5,0.3333333333333333,0.0,0.0,0.0,1.0,1.0,0.0,1.0,1.0,0.0,0.0,0.75,0.5,0.25,0.0,0.75,1.0,0.08,0.375,0.47368421052631576,0.5,-4,10,0
0.0,0.0,0.2857142857142856,0.0,0.0,1.0,1.0,0.75,1.0,0.5,1.0,0.5,0.3333333333333333,0.6666666666666667,0.0,0.0,1.0,1.0,1.0,1.0,1.0,1.0,1.0,0.75,0.75,0.25,0.0,0.0,0.75,0.08,0.25,0.3684210526315789,0.35000000000000003,0,13,0
0.0,0.0,0.5714285714285712,1.0,0.0,1.0,0.75,0.75,0.5,0.5,1.0,1.0,0.0,1.0,0.0,0.0,1.0,1.0,1.0,1.0,1.0,1.0,0.0,0.75,0.5,0.5,0.0,0.25,0.5,0.13333333333333333,0.3125,0.42105263157894735,0.4,-2,12,0
0.0,1.0,0.2857142857142856,1.0,1.0,1.0,1.0,1.0,0.75,0.5,0.3333333333333333,0.5,0.0,0.3333333333333333,0.0,0.0,1.0,1.0,0.0,1.0,1.0,1.0,1.0,1.0,0.5,1.0,0.75,1.0,0.5,0.17333333333333334,0.5625,0.631578947368421,0.65,-9,7,0
0.0,0.0,0.1428571428571428,1.0,0.0,0.0,0.5,0.5,0.5,0.5,1.0,0.5,0.0,0.3333333333333333,0.0,1.0,1.0,1.0,0.0,1.0,1.0,1.0,0.0,0.5,0.5,0.75,0.0,0.0,0.75,0.0,0.5625,0.6842105263157894,0.7000000000000001,4,6,0
0.0,1.0,0.4285714285714284,1.0,0.0,1.0,0.5,0.5,0.75,0.5,0.3333333333333333,0.5,0.0,0.3333333333333333,0.3333333333333333,0.0,1.0,1.0,1.0,1.0,1.0,1.0,0.0,0.75,0.75,0.75,0.25,0.75,1.0,0.2,0.1875,0.3684210526315789,0.4,-11,13,1
0.0,0.0,0.2857142857142856,0.0,1.0,1.0,1.0,1.0,0.75,0.5,0.6666666666666666,0.5,0.0,0.0,0.0,0.0,1.0,1.0,0.0,1.0,1.0,0.0,0.0,1.0,0.25,0.0,0.0,0.25,0.5,0.16,0.3125,0.5263157894736842,0.5,-10,10,0
0.0,0.0,0.2857142857142856,1.0,1.0,1.0,0.75,0.5,0.5,0.5,1.0,0.5,0.3333333333333333,0.3333333333333333,0.0,0.0,0.0,1.0,0.0,1.0,1.0,1.0,0.0,0.75,0.75,0.75,0.0,0.5,0.0,0.02666666666666667,0.6875,0.7894736842105263,0.75,2,5,0
0.0,0.0,0.2857142857142856,1.0,0.0,1.0,1.0,0.75,0.5,0.5,1.0,0.5,0.0,0.3333333333333333,0.6666666666666666,0.0,0.0,1.0,0.0,1.0,1.0,1.0,1.0,0.5,0.75,1.0,0.25,0.75,0.0,0.29333333333333333,0.1875,0.3157894736842105,0.2,-18,18,1
0.0,1.0,0.4285714285714284,1.0,1.0,1.0,0.75,0.75,0.75,0.25,0.3333333333333333,0.0,0.0,0.3333333333333333,0.3333333333333333,0.0,1.0,1.0,0.0,1.0,1.0,1.0,0.0,0.5,0.25,0.75,0.25,0.75,0.75,0.17333333333333334,0.1875,0.3157894736842105,0.4,-9,13,1
0.0,0.0,0.2857142857142856,1.0,0.0,1.0,0.5,0.75,0.0,0.5,0.3333333333333333,0.0,0.3333333333333333,0.0,0.0,0.0,1.0,1.0,0.0,1.0,1.0,0.0,0.0,0.5,0.5,0.5,0.0,0.75,0.5,0.04,0.25,0.3684210526315789,0.4,-1,12,0
0.0,0.0,0.2857142857142856,1.0,0.0,1.0,0.5,0.5,0.0,0.0,0.0,0.5,0.0,0.6666666666666667,0.0,0.0,1.0,1.0,1.0,1.0,1.0,1.0,0.0,0.75,0.5,0.5,0.0,0.0,0.75,0.05333333333333334,0.375,0.5263157894736842,0.5,2,10,0
0.0,0.0,0.2857142857142856,0.0,0.0,1.0,0.5,0.25,0.0,0.75,1.0,0.5,0.3333333333333333,0.3333333333333333,0.0,0.0,1.0,0.0,1.0,1.0,1.0,1.0,0.0,0.75,0.25,1.0,0.0,0.25,1.0,0.02666666666666667,0.1875,0.3157894736842105,0.30000000000000004,2,14,0
0.0,0.0,0.2857142857142856,1.0,0.0,1.0,0.25,0.25,0.0,0.5,1.0,0.5,0.0,0.6666666666666667,0.3333333333333333,0.0,1.0,0.0,1.0,1.0,1.0,0.0,1.0,0.75,0.5,0.75,0.0,0.0,1.0,0.0,0.1875,0.2631578947368421,0.0,6,21,1
0.0,0.0,0.1428571428571428,1.0,0.0,1.0,0.5,0.75,0.75,1.0,0.6666666666666666,0.5,0.0,0.3333333333333333,0.0,1.0,0.0,0.0,0.0,1.0,1.0,1.0,0.0,0.25,0.5,0.0,0.0,0.0,0.5,0.02666666666666667,0.8125,0.8421052631578947,0.8500000000000001,2,3,0
0.0,1.0,0.4285714285714284,1.0,0.0,1.0,0.5,0.5,0.5,0.5,0.3333333333333333,0.5,0.3333333333333333,0.3333333333333333,0.0,0.0,1.0,1.0,0.0,1.0,1.0,1.0,0.0,0.5,0.5,0.5,1.0,1.0,0.75,0.0,0.5625,0.6842105263157894,0.65,4,7,0
0.0,0.0,0.1428571428571428,1.0,0.0,1.0,1.0,1.0,1.0,0.75,0.3333333333333333,0.5,0.0,0.6666666666666667,0.0,0.0,1.0,0.0,1.0,0.0,1.0,1.0,0.0,1.0,0.5,0.25,0.0,0.0,1.0,0.0,0.625,0.6842105263157894,0.7000000000000001,6,6,0
0.0,0.0,0.4285714285714284,0.0,0.0,1.0,0.75,0.25,0.5,0.5,1.0,0.5,0.0,0.3333333333333333,0.3333333333333333,0.0,0.0,0.0,1.0,1.0,1.0,1.0,1.0,1.0,0.5,0.5,0.0,0.0,0.75,0.21333333333333335,0.375,0.42105263157894735,0.35000000000000003,-12,14,1
0.0,0.0,0.2857142857142856,1.0,0.0,1.0,0.75,0.5,0.5,0.5,0.0,0.5,0.0,0.3333333333333333,0.0,0.0,0.0,0.0,1.0,0.0,1.0,1.0,0.0,1.0,0.5,0.75,0.0,0.5,0.5,0.13333333333333333,0.8125,0.7894736842105263,0.75,-6,5,0
0.0,1.0,0.2857142857142856,1.0,1.0,1.0,0.5,0.75,0.75,0.75,1.0,0.0,0.0,0.3333333333333333,0.0,0.0,1.0,1.0,0.0,0.0,1.0,1.0,0.0,1.0,0.5,0.5,0.0,0.5,0.5,0.02666666666666667,0.5625,0.5789473684210527,0.6000000000000001,2,8,0
0.0,1.0,0.4285714285714284,1.0,1.0,1.0,0.5,0.25,0.0,0.5,0.0,0.5,1.0,0.3333333333333333,0.0,1.0,1.0,1.0,1.0,1.0,1.0,1.0,1.0,0.75,0.5,0.25,0.75,1.0,0.5,0.18666666666666668,0.4375,0.42105263157894735,0.45,-10,11,1
0.0,0.0,0.2857142857142856,1.0,0.0,0.0,0.5,0.25,0.5,0.5,0.0,0.5,0.3333333333333333,0.6666666666666667,0.0,0.0,0.0,0.0,1.0,1.0,1.0,1.0,1.0,0.5,0.25,0.5,0.0,0.25,0.5,0.13333333333333333,0.5625,0.5263157894736842,0.6000000000000001,-4,8,0
0.0,0.0,0.2857142857142856,1.0,1.0,1.0,1.0,0.75,0.25,0.5,1.0,0.0,0.0,0.3333333333333333,0.0,0.0,0.0,0.0,1.0,1.0,1.0,1.0,1.0,0.5,0.25,0.5,0.0,0.25,0.5,0.18666666666666668,0.625,0.6842105263157894,0.7000000000000001,-10,6,0
0.0,1.0,0.2857142857142856,0.0,0.0,1.0,0.5,0.5,0.5,0.5,0.0,0.0,0.3333333333333333,0.3333333333333333,0.0,0.0,1.0,1.0,1.0,1.0,1.0,1.0,0.0,0.75,1.0,0.25,0.0,0.0,0.0,0.05333333333333334,0.5,0.5789473684210527,0.55,0,9,0
0.0,1.0,0.2857142857142856,1.0,0.0,1.0,1.0,1.0,1.0,1.0,1.0,0.5,0.0,0.3333333333333333,0.0,1.0,1.0,0.0,1.0,1.0,1.0,1.0,1.0,0.75,1.0,1.0,0.0,0.5,0.25,0.18666666666666668,0.5,0.47368421052631576,0.45,-10,11,1
0.0,1.0,0.1428571428571428,1.0,0.0,1.0,1.0,1.0,0.25,0.5,1.0,0.0,0.0,0.3333333333333333,0.0,0.0,1.0,1.0,1.0,1.0,1.0,1.0,0.0,0.75,0.25,0.75,0.25,0.75,0.0,0.02666666666666667,0.6875,0.6842105263157894,0.65,2,7,0
0.0,1.0,0.1428571428571428,1.0,1.0,1.0,0.25,0.25,0.5,0.5,0.3333333333333333,0.5,0.3333333333333333,0.3333333333333333,0.0,0.0,1.0,1.0,0.0,1.0,1.0,1.0,0.0,0.5,0.75,0.25,0.0,0.0,1.0,0.24000000000000002,0.375,0.3684210526315789,0.30000000000000004,-14,14,1
0.0,1.0,0.1428571428571428,1.0,0.0,1.0,0.75,0.5,0.0,0.5,1.0,0.5,0.3333333333333333,0.6666666666666667,0.0,0.0,0.0,0.0,1.0,1.0,1.0,1.0,1.0,1.0,0.5,0.5,0.0,0.5,0.25,0.13333333333333333,0.5,0.47368421052631576,0.5,-4,10,0
0.0,1.0,0.2857142857142856,1.0,1.0,1.0,0.5,0.5,0.5,0.5,0.3333333333333333,0.0,0.0,0.3333333333333333,0.0,0.0,0.0,1.0,1.0,0.0,1.0,1.0,1.0,0.75,0.75,0.25,1.0,1.0,0.75,0.05333333333333334,0.6875,0.6842105263157894,0.65,0,7,0
0.0,0.0,0.1428571428571428,1.0,0.0,1.0,0.5,0.25,0.5,0.5,0.3333333333333333,0.5,0.0,0.0,0.0,0.0,0.0,0.0,0.0,1.0,1.0,1.0,1.0,0.75,1.0,0.25,0.0,0.0,1.0,0.26666666666666666,0.625,0.631578947368421,0.6000000000000001,-18,8,0
0.0,0.0,0.2857142857142856,0.0,0.0,1.0,0.5,0.25,0.0,0.75,0.0,0.5,0.6666666666666667,0.3333333333333333,0.0,0.0,0.0,0.0,1.0,1.0,1.0,0.0,0.0,0.25,0.0,0.0,0.0,0.0,0.5,0.02666666666666667,0.625,0.5789473684210527,0.55,2,9,0
0.0,1.0,0.4285714285714284,1.0,0.0,1.0,0.5,0.5,0.5,0.75,1.0,0.0,0.0,0.3333333333333333,0.3333333333333333,0.0,0.0,0.0,0.0,1.0,0.0,1.0,0.0,1.0,1.0,0.75,0.5,1.0,0.25,0.0,0.25,0.3684210526315789,0.0,4,21,1
0.0,1.0,0.2857142857142856,1.0,1.0,1.0,1.0,0.75,0.25,0.5,0.0,0.5,0.3333333333333333,0.3333333333333333,0.0,0.0,0.0,0.0,1.0,1.0,1.0,1.0,1.0,0.25,1.0,1.0,0.0,0.75,1.0,0.18666666666666668,0.5625,0.631578947368421,0.6000000000000001,-10,8,0
0.0,1.0,0.2857142857142856,0.0,1.0,0.0,1.0,1.0,1.0,0.5,0.0,0.5,0.3333333333333333,0.3333333333333333,0.0,0.0,1.0,1.0,0.0,1.0,1.0,1.0,0.0,0.5,0.5,0.5,0.25,0.5,0.75,0.02666666666666667,0.4375,0.5789473684210527,0.6000000000000001,2,8,0
0.0,1.0,0.1428571428571428,1.0,1.0,1.0,1.0,0.75,1.0,0.5,0.0,0.5,0.0,0.0,0.0,0.0,0.0,0.0,1.0,0.0,1.0,1.0,0.0,1.0,0.75,1.0,0.0,0.0,0.5,0.0,0.1875,0.0,0.0,2,20,0
0.0,1.0,0.1428571428571428,1.0,0.0,1.0,1.0,1.0,0.75,0.75,0.0,0.5,0.0,0.0,0.0,0.0,0.0,0.0,1.0,1.0,1.0,1.0,0.0,1.0,0.5,0.25,0.0,0.25,1.0,0.0,0.625,0.631578947368421,0.6000000000000001,2,8,0
0.0,0.0,0.4285714285714284,1.0,0.0,1.0,0.5,0.25,0.5,0.5,0.0,1.0,0.3333333333333333,0.6666666666666667,0.0,0.0,1.0,1.0,0.0,0.0,1.0,1.0,1.0,0.75,0.75,0.75,0.0,0.0,0.5,0.0,0.25,0.0,0.0,6,20,0
0.0,1.0,0.1428571428571428,1.0,0.0,1.0,0.5,0.25,0.5,0.5,0.0,0.5,0.6666666666666667,0.0,0.0,0.0,0.0,0.0,0.0,1.0,1.0,1.0,0.0,0.75,0.5,0.5,0.0,0.0,0.75,0.08,0.9375,0.9473684210526315,0.9,-4,2,0
0.0,1.0,0.2857142857142856,1.0,0.0,1.0,0.5,0.75,0.5,0.5,0.0,0.0,0.3333333333333333,0.0,0.0,0.0,0.0,0.0,0.0,1.0,1.0,1.0,0.0,1.0,0.25,0.25,0.0,0.0,0.25,0.05333333333333334,0.5625,0.631578947368421,0.65,-2,7,0
0.0,1.0,1.0,1.0,0.0,1.0,0.75,0.25,0.75,0.75,0.6666666666666666,0.5,0.0,0.0,1.0,0.0,0.0,0.0,0.0,0.0,0.0,1.0,1.0,1.0,0.75,1.0,1.0,1.0,0.0,0.21333333333333335,0.1875,0.42105263157894735,0.4,-14,15,1
0.0,1.0,0.4285714285714284,0.0,1.0,1.0,0.75,0.75,0.5,0.75,0.0,0.5,0.0,0.3333333333333333,0.3333333333333333,0.0,1.0,0.0,0.0,1.0,1.0,1.0,1.0,0.75,0.5,0.5,0.0,0.5,1.0,0.10666666666666667,0.0,0.2631578947368421,0.25,-4,16,1
0.0,1.0,0.1428571428571428,1.0,0.0,1.0,0.0,0.5,0.5,0.5,0.6666666666666666,0.5,0.0,0.0,0.0,0.0,0.0,1.0,0.0,0.0,1.0,1.0,0.0,0.75,0.5,0.25,0.25,0.75,1.0,0.0,0.625,0.7894736842105263,0.75,2,5,0
0.0,1.0,0.4285714285714284,1.0,0.0,1.0,0.75,0.5,0.75,0.5,0.0,0.5,0.3333333333333333,0.0,0.3333333333333333,0.0,0.0,0.0,0.0,1.0,0.0,1.0,0.0,0.75,0.75,1.0,0.25,0.75,1.0,0.0,0.1875,0.42105263157894735,0.4,2,13,1
0.0,1.0,0.1428571428571428,1.0,0.0,1.0,0.75,0.75,0.0,0.5,1.0,1.0,0.6666666666666667,0.3333333333333333,0.0,1.0,1.0,0.0,0.0,0.0,1.0,1.0,0.0,1.0,0.5,0.5,0.0,0.5,0.25,0.08,0.25,0.5263157894736842,0.5,-2,10,0
0.0,1.0,0.4285714285714284,1.0,0.0,1.0,0.5,0.25,0.75,0.75,0.6666666666666666,0.5,0.0,0.0,0.3333333333333333,0.0,0.0,0.0,0.0,0.0,0.0,1.0,0.0,0.5,0.25,1.0,0.25,1.0,1.0,0.05333333333333334,0.1875,0.47368421052631576,0.4,-2,13,1
0.0,1.0,0.1428571428571428,0.0,0.0,1.0,0.5,0.25,0.5,0.5,0.0,0.5,0.3333333333333333,0.0,0.0,0.0,0.0,0.0,1.0,0.0,1.0,0.0,0.0,0.5,0.5,0.25,0.0,0.5,0.5,0.0,0.3125,0.47368421052631576,0.4,2,12,0
0.0,1.0,0.2857142857142856,0.0,0.0,1.0,0.5,0.25,0.5,0.5,0.0,0.5,0.0,0.0,0.0,0.0,0.0,0.0,0.0,0.0,1.0,1.0,0.0,0.75,0.75,0.25,0.25,0.75,1.0,0.0,0.3125,0.631578947368421,0.6000000000000001,2,8,0
0.0,1.0,0.2857142857142856,1.0,1.0,1.0,0.25,0.25,0.25,0.5,0.0,0.5,0.3333333333333333,0.0,0.3333333333333333,0.0,1.0,0.0,1.0,1.0,1.0,1.0,0.0,0.75,0.75,0.75,0.0,0.25,1.0,0.02666666666666667,0.25,0.47368421052631576,0.4,0,13,1
0.0,0.0,0.2857142857142856,1.0,1.0,1.0,1.0,0.5,1.0,0.75,1.0,0.5,0.0,1.0,0.0,0.0,1.0,1.0,1.0,1.0,1.0,1.0,0.0,0.75,0.25,0.5,0.0,0.0,0.75,0.08,0.6875,0.631578947368421,0.65,2,7,0
0.0,1.0,0.5714285714285712,1.0,1.0,0.0,1.0,0.75,0.75,0.0,1.0,0.5,0.0,0.3333333333333333,0.0,0.0,1.0,0.0,0.0,1.0,1.0,1.0,0.0,0.75,0.5,0.0,0.0,0.0,0.0,0.16,0.5,0.5789473684210527,0.55,-8,9,0
0.0,1.0,0.4285714285714284,1.0,0.0,1.0,0.5,0.25,0.5,0.5,0.3333333333333333,0.5,0.0,0.3333333333333333,0.0,0.0,0.0,0.0,1.0,1.0,1.0,1.0,0.0,1.0,0.25,0.75,0.0,0.25,0.75,0.10666666666666667,0.75,0.7368421052631579,0.7000000000000001,-4,6,0
0.0,0.0,0.2857142857142856,1.0,1.0,1.0,0.5,0.5,0.75,0.75,0.0,0.0,0.0,1.0,0.0,0.0,0.0,1.0,1.0,1.0,1.0,1.0,1.0,0.5,0.75,0.0,0.0,0.0,0.25,0.0,0.4375,0.47368421052631576,0.0,8,20,0
0.0,0.0,0.4285714285714284,1.0,0.0,1.0,1.0,0.75,0.75,0.5,0.3333333333333333,0.0,0.0,0.3333333333333333,0.0,0.0,1.0,1.0,0.0,1.0,1.0,1.0,1.0,0.5,0.0,0.25,0.0,0.5,0.25,0.28,0.875,0.9473684210526315,0.9,-17,2,0
0.0,1.0,0.4285714285714284,1.0,0.0,1.0,1.0,0.75,1.0,0.5,0.0,0.5,0.0,0.3333333333333333,0.0,0.0,1.0,1.0,0.0,0.0,1.0,1.0,0.0,0.75,0.5,0.25,0.0,0.0,0.5,0.02666666666666667,0.3125,0.42105263157894735,0.4,2,12,0
0.0,1.0,0.4285714285714284,0.0,0.0,1.0,0.75,0.5,0.5,0.5,0.0,0.5,0.0,0.6666666666666667,0.0,0.0,0.0,0.0,1.0,0.0,1.0,0.0,0.0,1.0,0.5,0.25,0.0,0.0,0.5,0.013333333333333334,0.625,0.631578947368421,0.6000000000000001,5,8,0
0.0,0.0,0.2857142857142856,1.0,0.0,1.0,0.75,0.75,0.5,0.5,0.3333333333333333,0.5,0.0,0.6666666666666667,0.0,0.0,0.0,0.0,1.0,0.0,1.0,0.0,0.0,0.5,0.25,0.5,0.0,0.0,0.75,0.05333333333333334,0.4375,0.47368421052631576,0.45,2,11,0
0.0,0.0,0.4285714285714284,1.0,0.0,1.0,0.5,0.5,0.0,0.75,0.3333333333333333,0.5,0.0,0.6666666666666667,0.0,0.0,1.0,1.0,1.0,1.0,1.0,1.0,1.0,0.75,0.5,0.5,0.0,0.0,0.5,0.0,0.375,0.5263157894736842,0.0,6,20,0
0.0,1.0,0.4285714285714284,0.0,1.0,0.0,0.75,1.0,0.5,0.5,1.0,0.5,0.3333333333333333,0.3333333333333333,0.0,0.0,1.0,1.0,1.0,1.0,1.0,1.0,0.0,0.75,0.25,1.0,0.5,0.75,0.0,0.17333333333333334,0.875,0.894736842105263,0.8500000000000001,-9,3,0
0.0,1.0,0.2857142857142856,1.0,0.0,1.0,0.75,0.25,0.75,0.5,0.6666666666666666,0.5,0.0,0.3333333333333333,0.0,0.0,0.0,1.0,1.0,1.0,1.0,1.0,1.0,1.0,0.75,0.75,0.5,0.75,1.0,0.02666666666666667,0.375,0.47368421052631576,0.5,2,10,0
0.0,0.0,0.4285714285714284,0.0,0.0,1.0,1.0,1.0,1.0,0.5,1.0,0.5,0.3333333333333333,0.3333333333333333,0.0,0.0,0.0,1.0,1.0,1.0,1.0,1.0,0.0,0.75,0.5,0.75,0.25,0.25,0.75,0.10666666666666667,0.5625,0.5263157894736842,0.55,-4,9,0
0.0,1.0,0.4285714285714284,1.0,0.0,1.0,1.0,0.5,0.25,0.5,1.0,0.0,0.0,0.3333333333333333,0.0,0.0,1.0,1.0,1.0,1.0,1.0,1.0,1.0,1.0,0.75,1.0,0.0,0.5,1.0,0.13333333333333333,0.4375,0.47368421052631576,0.5,-6,10,0
0.0,0.0,0.4285714285714284,0.0,0.0,1.0,0.5,0.25,0.5,0.5,1.0,0.5,0.3333333333333333,0.3333333333333333,0.0,0.0,1.0,0.0,0.0,1.0,0.0,1.0,1.0,0.75,0.5,1.0,0.0,0.25,0.5,0.0,0.1875,0.0,0.0,4,20,0
0.0,0.0,0.5714285714285712,1.0,0.0,1.0,0.75,0.75,0.5,0.75,0.3333333333333333,1.0,0.0,0.3333333333333333,0.6666666666666666,0.0,1.0,1.0,1.0,1.0,1.0,1.0,0.0,0.75,0.5,1.0,0.5,0.5,1.0,0.2,0.375,0.47368421052631576,0.45,-11,13,1
0.0,0.0,0.4285714285714284,1.0,0.0,1.0,0.5,0.75,0.5,0.75,1.0,0.0,0.0,1.0,0.0,0.0,1.0,1.0,1.0,1.0,1.0,1.0,1.0,0.75,1.0,1.0,0.0,0.5,0.25,0.05333333333333334,0.75,0.7368421052631579,0.7000000000000001,4,6,0
0.0,0.0,0.4285714285714284,1.0,1.0,1.0,0.25,0.25,0.5,0.5,0.3333333333333333,0.5,0.3333333333333333,0.3333333333333333,0.0,0.0,1.0,1.0,0.0,0.0,1.0,0.0,0.0,0.75,0.75,0.5,0.0,0.0,0.5,0.02666666666666667,0.5,0.5789473684210527,0.55,2,9,0
0.0,1.0,0.2857142857142856,0.0,0.0,1.0,0.25,0.5,0.0,0.0,0.3333333333333333,0.5,0.0,0.3333333333333333,0.0,0.0,1.0,1.0,1.0,0.0,1.0,0.0,1.0,0.5,1.0,0.25,0.25,0.25,0.0,0.02666666666666667,0.75,0.7368421052631579,0.7000000000000001,2,6,0
0.0,0.0,0.2857142857142856,1.0,0.0,1.0,0.5,1.0,0.0,0.25,1.0,0.5,0.3333333333333333,0.3333333333333333,0.0,0.0,1.0,1.0,0.0,1.0,1.0,1.0,1.0,0.75,0.5,0.5,0.0,0.0,0.0,0.02666666666666667,0.4375,0.5263157894736842,0.5,2,10,0
0.0,0.0,0.2857142857142856,1.0,1.0,1.0,0.5,0.5,0.75,0.5,0.0,0.5,0.3333333333333333,0.3333333333333333,0.0,1.0,1.0,1.0,0.0,1.0,1.0,1.0,1.0,0.75,0.75,0.75,0.25,0.5,1.0,0.08,0.5625,0.631578947368421,0.6000000000000001,-2,8,0
0.0,0.0,0.4285714285714284,0.0,0.0,0.0,0.75,0.5,0.5,0.75,0.3333333333333333,0.5,0.3333333333333333,0.3333333333333333,0.0,0.0,0.0,0.0,0.0,0.0,0.0,1.0,1.0,0.75,0.0,0.0,0.0,0.0,1.0,1.0,0.4375,0.47368421052631576,0.45,-71,11,1
0.0,1.0,0.4285714285714284,1.0,0.0,1.0,1.0,1.0,1.0,0.75,0.3333333333333333,0.5,0.3333333333333333,0.0,0.0,0.0,0.0,1.0,1.0,1.0,1.0,1.0,0.0,0.5,0.25,0.75,0.0,0.75,0.5,0.29333333333333333,0.375,0.47368421052631576,0.45,-20,11,1
0.0,0.0,0.4285714285714284,1.0,0.0,1.0,1.0,1.0,0.25,0.25,1.0,0.0,0.0,0.3333333333333333,0.3333333333333333,1.0,1.0,0.0,1.0,1.0,1.0,1.0,1.0,0.25,0.75,0.75,0.0,0.0,0.75,0.2,0.375,0.42105263157894735,0.4,-11,13,1
0.0,1.0,0.4285714285714284,1.0,1.0,1.0,1.0,0.75,1.0,0.75,0.0,0.5,0.3333333333333333,0.0,0.0,0.0,0.0,1.0,1.0,1.0,1.0,1.0,0.0,0.75,0.25,0.5,0.0,0.25,0.0,0.10666666666666667,0.4375,0.5789473684210527,0.5,-6,10,0
0.0,1.0,0.2857142857142856,1.0,1.0,0.0,1.0,0.25,0.75,0.5,0.3333333333333333,0.5,0.3333333333333333,0.0,0.0,0.0,0.0,1.0,1.0,1.0,1.0,1.0,1.0,0.75,1.0,0.75,0.25,0.75,1.0,0.4,0.3125,0.42105263157894735,0.4,-28,12,1
0.0,1.0,0.2857142857142856,1.0,1.0,0.0,0.75,0.5,1.0,0.75,0.3333333333333333,0.5,0.0,0.0,0.3333333333333333,0.0,0.0,0.0,0.0,1.0,1.0,1.0,0.0,0.75,0.75,0.75,0.5,0.75,0.5,0.25333333333333335,0.5,0.47368421052631576,0.5,-17,11,0
0.0,0.0,0.4285714285714284,0.0,1.0,1.0,0.25,0.25,0.0,0.5,1.0,0.5,0.3333333333333333,1.0,0.0,0.0,1.0,1.0,1.0,1.0,1.0,0.0,0.0,1.0,0.25,0.25,0.0,0.0,0.5,0.013333333333333334,0.5625,0.631578947368421,0.6000000000000001,7,8,0
0.0,0.0,0.4285714285714284,1.0,0.0,1.0,0.25,0.25,0.5,0.5,0.3333333333333333,0.5,0.3333333333333333,0.3333333333333333,0.0,1.0,0.0,0.0,1.0,1.0,1.0,1.0,0.0,1.0,0.75,0.75,0.0,0.0,0.75,0.05333333333333334,0.3125,0.47368421052631576,0.5,0,10,0
0.0,0.0,0.2857142857142856,1.0,0.0,1.0,0.5,0.5,0.5,0.5,0.0,0.5,0.0,0.3333333333333333,0.0,0.0,1.0,0.0,0.0,0.0,1.0,1.0,0.0,1.0,0.75,1.0,0.0,0.25,1.0,0.05333333333333334,0.4375,0.47368421052631576,0.55,0,9,0
0.0,1.0,0.2857142857142856,1.0,0.0,1.0,0.25,0.25,0.5,0.5,1.0,0.0,0.0,0.3333333333333333,0.0,0.0,0.0,1.0,0.0,0.0,1.0,1.0,0.0,0.75,0.5,0.5,0.0,0.25,0.75,0.02666666666666667,0.5625,0.5263157894736842,0.55,2,9,0
0.0,0.0,0.4285714285714284,1.0,0.0,1.0,0.5,0.5,0.0,0.0,0.6666666666666666,0.5,0.0,0.6666666666666667,0.0,0.0,1.0,1.0,0.0,1.0,1.0,1.0,0.0,0.75,0.5,0.5,0.0,0.25,0.25,0.06666666666666667,0.9375,0.9473684210526315,0.9500000000000001,1,1,0
0.0,0.0,0.2857142857142856,1.0,0.0,1.0,0.25,0.25,0.75,1.0,1.0,0.5,0.0,0.6666666666666667,0.0,0.0,1.0,1.0,0.0,1.0,1.0,1.0,0.0,0.75,0.5,0.5,0.0,0.0,0.5,0.08,0.625,0.631578947368421,0.6000000000000001,0,8,0
0.0,1.0,0.4285714285714284,1.0,0.0,1.0,0.5,0.25,0.75,0.75,1.0,0.5,0.0,0.6666666666666667,0.0,0.0,0.0,1.0,1.0,1.0,1.0,1.0,0.0,0.75,0.25,0.75,0.0,0.5,0.25,0.08,0.75,0.7368421052631579,0.7000000000000001,0,6,0
0.0,1.0,0.4285714285714284,1.0,1.0,0.0,1.0,1.0,1.0,1.0,1.0,0.5,0.0,0.3333333333333333,0.0,0.0,1.0,1.0,1.0,1.0,1.0,1.0,0.0,1.0,0.75,0.5,0.0,0.0,0.25,0.12000000000000001,0.75,0.6842105263157894,0.75,-5,5,0
0.0,1.0,0.4285714285714284,1.0,0.0,1.0,1.0,0.5,1.0,0.5,0.3333333333333333,0.5,0.0,0.3333333333333333,0.0,0.0,1.0,1.0,1.0,1.0,1.0,1.0,1.0,0.75,0.5,0.25,0.0,0.75,1.0,0.14666666666666667,0.5625,0.5789473684210527,0.55,-7,9,0
0.0,0.0,0.2857142857142856,1.0,0.0,1.0,1.0,0.75,0.25,0.75,1.0,0.5,0.0,0.6666666666666667,0.0,0.0,1.0,1.0,0.0,1.0,1.0,1.0,0.0,0.75,0.25,0.25,0.0,0.25,0.5,0.0,0.75,0.7894736842105263,0.75,6,5,0
0.0,0.0,0.4285714285714284,1.0,1.0,1.0,0.5,0.25,0.75,0.0,1.0,0.5,0.0,0.3333333333333333,0.3333333333333333,0.0,0.0,0.0,0.0,1.0,1.0,1.0,1.0,1.0,0.75,0.5,0.0,0.0,1.0,0.16,0.5625,0.631578947368421,0.65,-8,8,0
0.0,0.0,0.2857142857142856,0.0,1.0,1.0,0.75,0.25,0.75,0.5,1.0,0.5,0.3333333333333333,1.0,0.0,0.0,1.0,1.0,0.0,1.0,1.0,0.0,0.0,0.5,0.0,0.25,0.0,0.0,0.5,0.08,0.9375,0.9473684210526315,0.9,2,2,0
0.0,1.0,0.4285714285714284,0.0,1.0,1.0,0.75,0.5,0.75,0.5,1.0,0.5,0.3333333333333333,0.6666666666666667,0.0,0.0,1.0,1.0,1.0,1.0,1.0,1.0,0.0,1.0,0.75,0.25,0.0,0.0,0.75,0.10666666666666667,0.6875,0.6842105263157894,0.7000000000000001,-2,6,0
0.0,1.0,0.2857142857142856,1.0,0.0,1.0,0.75,0.75,0.25,0.5,0.3333333333333333,0.5,0.0,0.0,0.0,0.0,1.0,1.0,0.0,1.0,1.0,1.0,0.0,0.75,0.75,0.5,0.0,0.5,1.0,0.05333333333333334,0.6875,0.631578947368421,0.55,-2,9,0
0.0,0.0,0.5714285714285712,1.0,0.0,1.0,1.0,1.0,0.25,0.5,1.0,1.0,0.3333333333333333,0.3333333333333333,0.0,0.0,1.0,1.0,1.0,1.0,1.0,1.0,0.0,0.25,0.5,0.75,0.25,0.5,0.25,0.0,0.4375,0.47368421052631576,0.0,4,20,0
0.0,0.0,0.4285714285714284,1.0,1.0,1.0,1.0,0.75,0.5,0.5,0.3333333333333333,1.0,0.3333333333333333,0.3333333333333333,0.0,0.0,1.0,1.0,0.0,1.0,1.0,1.0,1.0,0.75,0.75,1.0,0.0,0.25,0.25,0.13333333333333333,0.4375,0.42105263157894735,0.4,-6,12,0
0.0,0.0,0.4285714285714284,1.0,0.0,1.0,1.0,0.75,0.5,0.5,1.0,0.0,0.0,1.0,0.0,0.0,1.0,1.0,0.0,1.0,1.0,1.0,0.0,0.75,0.5,0.5,0.0,0.0,0.5,0.0,0.6875,0.6842105263157894,0.7000000000000001,8,6,0
0.0,1.0,0.4285714285714284,1.0,1.0,1.0,1.0,1.0,1.0,1.0,0.3333333333333333,0.5,0.0,0.0,0.0,0.0,1.0,1.0,0.0,1.0,1.0,1.0,1.0,0.0,0.75,0.25,0.25,0.25,0.0,0.06666666666666667,0.8125,0.7894736842105263,0.8,-3,4,0
0.0,0.0,0.4285714285714284,1.0,1.0,0.0,1.0,1.0,0.25,0.5,0.3333333333333333,0.5,0.0,0.3333333333333333,0.0,0.0,1.0,0.0,0.0,1.0,1.0,1.0,1.0,0.75,0.25,0.75,0.0,0.0,0.75,0.18666666666666668,0.5625,0.5263157894736842,0.55,-10,9,0
0.0,1.0,0.2857142857142856,1.0,1.0,1.0,1.0,1.0,0.5,1.0,0.3333333333333333,0.0,0.3333333333333333,0.0,0.0,0.0,0.0,1.0,0.0,1.0,1.0,1.0,0.0,0.75,0.0,0.0,0.25,0.25,1.0,0.0,0.5,0.5789473684210527,0.5,2,10,0
0.0,0.0,0.2857142857142856,1.0,0.0,1.0,1.0,0.5,0.5,0.5,1.0,0.5,0.3333333333333333,0.6666666666666667,0.0,0.0,1.0,1.0,0.0,1.0,1.0,1.0,0.0,0.75,0.5,0.5,0.0,0.0,0.5,0.0,0.75,0.631578947368421,0.7000000000000001,6,6,0
0.0,0.0,0.2857142857142856,1.0,0.0,1.0,0.75,0.5,0.25,0.25,1.0,0.0,0.0,1.0,0.0,0.0,1.0,1.0,1.0,0.0,1.0,1.0,0.0,1.0,0.25,0.25,0.0,0.25,1.0,0.0,0.875,0.894736842105263,0.9,8,2,0
0.0,1.0,0.5714285714285712,1.0,0.0,1.0,0.75,0.75,0.5,0.5,0.3333333333333333,1.0,0.0,0.3333333333333333,0.3333333333333333,0.0,1.0,0.0,1.0,1.0,1.0,1.0,1.0,0.75,0.75,0.75,0.0,0.0,0.5,0.26666666666666666,0.75,0.7368421052631579,0.65,-16,8,0
0.0,0.0,0.4285714285714284,1.0,0.0,1.0,0.5,1.0,0.75,0.0,1.0,1.0,0.0,0.3333333333333333,0.3333333333333333,0.0,1.0,1.0,1.0,1.0,1.0,1.0,0.0,0.75,0.75,0.5,0.0,0.0,0.5,0.10666666666666667,0.6875,0.631578947368421,0.6000000000000001,-4,9,0
0.0,1.0,0.714285714285714,1.0,0.0,0.0,0.75,0.5,0.75,0.5,0.0,1.0,0.0,0.0,0.0,0.0,0.0,0.0,1.0,1.0,1.0,0.0,0.0,1.0,1.0,0.5,0.0,0.0,1.0,0.0,0.875,0.9473684210526315,0.9,2,2,0
0.0,1.0,0.5714285714285712,1.0,0.0,1.0,1.0,1.0,1.0,0.75,1.0,1.0,0.3333333333333333,0.0,0.3333333333333333,0.0,1.0,1.0,0.0,1.0,1.0,1.0,1.0,0.75,0.5,0.75,0.0,0.0,0.75,0.5066666666666667,0.3125,0.47368421052631576,0.4,-36,13,1
0.0,1.0,0.5714285714285712,0.0,0.0,1.0,0.75,0.75,0.5,0.75,1.0,0.0,0.0,0.3333333333333333,0.3333333333333333,0.0,0.0,0.0,1.0,1.0,1.0,0.0,1.0,0.75,1.0,0.5,0.0,0.25,1.0,0.0,0.75,0.631578947368421,0.6000000000000001,4,9,0
0.0,0.0,0.5714285714285712,1.0,1.0,1.0,0.25,0.25,0.0,0.5,1.0,1.0,0.0,0.3333333333333333,0.3333333333333333,1.0,1.0,0.0,1.0,0.0,1.0,1.0,0.0,0.75,0.75,0.5,0.0,0.5,0.5,0.24000000000000002,0.5625,0.5263157894736842,0.5,-14,11,0
0.0,0.0,0.5714285714285712,1.0,1.0,1.0,0.25,0.5,0.75,0.75,0.3333333333333333,1.0,0.0,0.3333333333333333,0.3333333333333333,0.0,0.0,0.0,1.0,0.0,1.0,0.0,1.0,0.75,0.25,0.75,0.25,0.25,0.5,0.0,0.375,0.47368421052631576,0.0,4,21,1
0.0,0.0,0.5714285714285712,1.0,0.0,1.0,0.5,0.25,0.0,0.5,0.6666666666666666,1.0,0.6666666666666667,0.3333333333333333,0.0,0.0,1.0,0.0,0.0,1.0,0.0,1.0,1.0,0.5,0.75,0.0,0.0,0.0,0.25,0.26666666666666666,0.6875,0.631578947368421,0.65,-16,7,0
0.0,1.0,0.5714285714285712,1.0,0.0,1.0,0.25,0.5,0.5,0.75,0.0,1.0,0.0,0.3333333333333333,0.3333333333333333,0.0,0.0,0.0,0.0,0.0,1.0,1.0,0.0,0.75,1.0,0.25,0.25,0.25,0.75,0.04,0.625,0.5789473684210527,0.55,1,10,0
0.0,0.0,0.5714285714285712,1.0,1.0,1.0,0.75,0.5,0.75,0.5,1.0,1.0,0.3333333333333333,0.3333333333333333,0.3333333333333333,0.0,1.0,1.0,0.0,0.0,1.0,1.0,1.0,0.75,0.25,0.25,0.0,0.25,0.0,0.29333333333333333,0.625,0.5263157894736842,0.55,-18,10,0
0.0,0.0,0.5714285714285712,1.0,0.0,1.0,0.25,0.25,0.0,0.25,0.3333333333333333,1.0,0.0,0.6666666666666667,0.6666666666666666,0.0,0.0,0.0,0.0,0.0,1.0,1.0,1.0,0.75,0.0,0.25,0.0,0.0,0.5,0.18666666666666668,0.75,0.6842105263157894,0.65,-8,9,0
0.0,0.0,0.5714285714285712,0.0,0.0,1.0,0.5,0.75,0.5,0.5,1.0,1.0,0.0,0.6666666666666667,0.3333333333333333,0.0,0.0,0.0,0.0,1.0,1.0,1.0,1.0,0.75,0.0,0.25,0.0,0.0,0.5,0.5333333333333333,0.625,0.5789473684210527,0.55,-34,10,0
0.0,0.0,0.4285714285714284,1.0,0.0,1.0,0.5,0.25,0.75,0.5,0.0,0.5,0.3333333333333333,0.3333333333333333,0.0,0.0,1.0,1.0,1.0,1.0,1.0,1.0,0.0,1.0,0.5,0.5,0.0,0.25,0.0,0.0,0.3125,0.42105263157894735,0.0,4,20,0
0.0,0.0,0.4285714285714284,1.0,0.0,1.0,1.0,0.75,0.5,0.5,0.0,0.5,0.0,0.6666666666666667,0.0,0.0,1.0,1.0,1.0,1.0,1.0,1.0,1.0,0.75,0.5,0.75,0.0,0.0,1.0,0.12000000000000001,0.375,0.5263157894736842,0.45,-3,11,0
0.0,0.0,0.2857142857142856,0.0,0.0,1.0,0.75,1.0,0.0,0.75,0.0,0.0,0.0,0.6666666666666667,0.0,0.0,1.0,1.0,1.0,0.0,1.0,1.0,0.0,0.75,0.5,0.75,0.25,1.0,1.0,0.0,0.5,0.5789473684210527,0.5,6,10,0
0.0,0.0,0.4285714285714284,1.0,0.0,1.0,1.0,1.0,1.0,0.5,0.0,0.5,0.0,0.3333333333333333,0.0,0.0,1.0,1.0,0.0,1.0,1.0,1.0,0.0,0.75,0.75,0.75,0.5,0.5,1.0,0.02666666666666667,0.5,0.5789473684210527,0.55,2,9,0
0.0,0.0,0.2857142857142856,1.0,0.0,0.0,1.0,0.75,0.75,0.75,0.0,0.5,0.0,0.3333333333333333,0.0,0.0,1.0,1.0,0.0,1.0,1.0,1.0,1.0,1.0,0.25,0.25,0.0,0.25,1.0,0.3066666666666667,0.625,0.6842105263157894,0.65,-19,7,0
0.0,0.0,0.2857142857142856,1.0,0.0,1.0,0.5,0.5,0.5,0.5,0.0,0.5,0.0,0.3333333333333333,0.0,0.0,1.0,0.0,0.0,1.0,1.0,0.0,1.0,0.75,0.25,0.25,0.0,0.0,0.5,0.16,0.5,0.47368421052631576,0.45,-8,11,1
0.0,0.0,0.2857142857142856,0.0,1.0,1.0,0.5,0.5,0.75,0.75,0.0,0.5,0.0,0.6666666666666667,0.0,0.0,1.0,1.0,1.0,1.0,1.0,1.0,0.0,0.5,0.5,0.25,0.25,0.25,0.5,0.04,0.5,0.5789473684210527,0.55,3,9,0
0.0,0.0,0.2857142857142856,1.0,0.0,1.0,0.75,0.25,0.75,0.75,0.0,0.0,0.0,0.6666666666666667,0.0,0.0,1.0,0.0,0.0,0.0,1.0,1.0,0.0,0.5,0.75,0.5,0.25,0.5,1.0,0.013333333333333334,0.5625,0.7368421052631579,0.75,5,5,0
0.0,0.0,0.2857142857142856,1.0,1.0,1.0,0.0,0.5,0.0,0.0,0.3333333333333333,0.0,0.3333333333333333,0.6666666666666667,0.0,0.0,0.0,0.0,0.0,1.0,1.0,1.0,0.0,0.5,0.5,0.5,0.25,0.5,0.25,0.0,0.8125,0.7894736842105263,0.75,6,5,0
0.0,1.0,0.4285714285714284,1.0,0.0,1.0,1.0,1.0,0.5,0.5,0.0,0.5,0.0,0.6666666666666667,0.0,0.0,0.0,0.0,1.0,1.0,1.0,1.0,0.0,0.75,0.5,0.5,0.25,0.25,0.5,0.04,0.375,0.631578947368421,0.55,3,9,0
0.0,1.0,0.2857142857142856,1.0,0.0,1.0,0.75,0.75,0.5,0.75,1.0,0.5,0.0,0.0,0.0,0.0,0.0,0.0,1.0,0.0,1.0,1.0,0.0,0.75,0.5,1.0,0.5,1.0,1.0,0.04,0.6875,0.7894736842105263,0.8,-1,4,0
0.0,1.0,0.2857142857142856,0.0,0.0,1.0,0.5,0.5,0.75,0.5,0.0,0.5,1.0,0.0,0.0,0.0,1.0,0.0,0.0,1.0,1.0,1.0,0.0,0.75,0.75,1.0,1.0,1.0,0.75,0.10666666666666667,0.5,0.5263157894736842,0.5,-6,10,0
0.0,0.0,0.2857142857142856,1.0,0.0,1.0,1.0,1.0,1.0,0.75,0.0,0.5,0.0,0.6666666666666667,0.0,0.0,1.0,1.0,1.0,1.0,1.0,1.0,0.0,1.0,0.75,0.75,0.0,0.5,0.75,0.09333333333333334,0.4375,0.47368421052631576,0.45,-1,11,0
0.0,0.0,0.2857142857142856,1.0,0.0,1.0,1.0,1.0,1.0,1.0,0.0,0.5,0.3333333333333333,0.6666666666666667,0.0,0.0,1.0,1.0,0.0,0.0,1.0,1.0,1.0,0.75,0.5,0.5,0.0,0.25,0.75,0.05333333333333334,0.6875,0.7368421052631579,0.7000000000000001,2,6,0
0.0,1.0,0.4285714285714284,1.0,1.0,1.0,0.5,0.5,0.5,0.5,0.0,0.5,0.0,1.0,0.0,0.0,1.0,0.0,1.0,1.0,1.0,1.0,0.0,0.75,1.0,1.0,0.25,0.75,1.0,0.02666666666666667,0.375,0.42105263157894735,0.4,6,12,0
0.0,0.0,0.2857142857142856,0.0,0.0,1.0,0.5,1.0,0.0,0.5,0.0,0.0,0.0,0.6666666666666667,0.0,0.0,1.0,0.0,0.0,1.0,1.0,1.0,1.0,0.75,0.75,0.5,0.0,0.0,1.0,0.09333333333333334,0.5625,0.7368421052631579,0.7000000000000001,-1,6,0
0.0,0.0,0.4285714285714284,1.0,0.0,1.0,0.75,0.75,0.75,0.75,0.3333333333333333,0.5,0.0,0.3333333333333333,0.0,0.0,0.0,0.0,1.0,1.0,1.0,1.0,0.0,1.0,0.5,0.75,0.0,0.0,0.75,0.0,0.25,0.0,0.0,4,20,0
0.0,0.0,0.4285714285714284,1.0,1.0,1.0,0.5,0.5,0.5,0.5,0.3333333333333333,1.0,0.0,0.3333333333333333,0.0,0.0,0.0,0.0,1.0,0.0,1.0,1.0,1.0,0.75,0.5,0.5,0.0,0.0,0.25,0.0,0.3125,0.42105263157894735,0.0,4,20,0
0.0,0.0,0.4285714285714284,0.0,0.0,1.0,0.5,0.5,0.0,0.5,0.0,0.5,0.3333333333333333,1.0,0.0,0.0,0.0,0.0,1.0,1.0,1.0,0.0,0.0,0.75,0.75,0.75,0.0,0.0,0.75,0.0,0.4375,0.47368421052631576,0.0,8,20,0
0.0,0.0,0.2857142857142856,1.0,0.0,1.0,0.75,1.0,0.75,0.5,0.0,0.5,0.0,0.6666666666666667,0.0,0.0,0.0,0.0,0.0,1.0,1.0,1.0,0.0,0.75,0.75,1.0,0.0,0.5,1.0,0.21333333333333335,0.8125,0.7894736842105263,0.75,-10,5,0
0.0,0.0,0.5714285714285712,0.0,0.0,0.0,0.75,0.25,0.75,0.0,0.3333333333333333,1.0,0.0,0.6666666666666667,0.3333333333333333,0.0,0.0,1.0,0.0,1.0,1.0,0.0,0.0,1.0,0.75,0.5,0.0,0.25,1.0,0.16,0.6875,0.6842105263157894,0.65,-6,8,0
0.0,0.0,0.2857142857142856,1.0,0.0,1.0,0.75,0.5,0.5,0.5,0.3333333333333333,0.5,0.0,0.3333333333333333,0.0,0.0,1.0,1.0,0.0,1.0,1.0,1.0,1.0,0.75,0.5,0.25,0.25,0.5,0.25,0.0,0.25,0.42105263157894735,0.0,4,20,0
0.0,0.0,0.4285714285714284,1.0,1.0,1.0,0.75,0.75,0.75,0.75,0.3333333333333333,0.5,0.0,1.0,0.0,0.0,1.0,0.0,0.0,1.0,1.0,1.0,0.0,1.0,0.5,0.5,0.0,0.0,0.0,0.09333333333333334,0.8125,0.7894736842105263,0.8500000000000001,1,3,0
0.0,0.0,0.2857142857142856,0.0,0.0,0.0,0.75,0.5,0.5,0.5,0.3333333333333333,0.5,0.0,0.3333333333333333,0.0,0.0,1.0,1.0,0.0,1.0,1.0,1.0,0.0,0.75,0.5,0.5,0.25,0.5,0.25,0.05333333333333334,0.375,0.5263157894736842,0.5,0,10,0
0.0,0.0,0.5714285714285712,1.0,0.0,1.0,0.5,0.25,0.75,0.75,0.3333333333333333,1.0,0.0,0.6666666666666667,0.3333333333333333,0.0,0.0,1.0,1.0,1.0,1.0,1.0,1.0,0.75,0.5,0.75,0.0,0.5,0.5,0.05333333333333334,0.5,0.631578947368421,0.55,2,10,0
0.0,1.0,0.4285714285714284,1.0,0.0,1.0,1.0,1.0,1.0,0.75,0.3333333333333333,0.0,0.0,0.3333333333333333,0.3333333333333333,0.0,1.0,0.0,1.0,1.0,1.0,1.0,0.0,0.75,0.5,0.5,0.25,0.25,0.25,0.0,0.4375,0.5263157894736842,0.0,4,21,1
0.0,1.0,0.4285714285714284,1.0,1.0,1.0,0.75,1.0,0.75,0.5,0.3333333333333333,0.5,0.0,0.3333333333333333,0.0,0.0,0.0,0.0,1.0,1.0,1.0,1.0,1.0,0.75,0.5,0.5,0.0,0.5,1.0,0.14666666666666667,0.8125,0.7894736842105263,0.75,-7,5,0
0.0,0.0,0.2857142857142856,1.0,0.0,0.0,0.5,0.5,0.0,0.0,0.3333333333333333,0.0,0.0,0.3333333333333333,0.3333333333333333,0.0,1.0,0.0,0.0,1.0,1.0,1.0,1.0,0.5,0.5,0.0,0.0,0.25,0.75,0.0,0.375,0.42105263157894735,0.0,4,21,1
0.0,0.0,0.4285714285714284,1.0,0.0,1.0,0.5,0.75,0.0,0.5,0.0,0.5,0.0,0.6666666666666667,0.0,0.0,1.0,0.0,0.0,1.0,1.0,1.0,0.0,0.75,0.5,0.5,0.0,0.25,0.5,0.05333333333333334,0.5,0.5263157894736842,0.5,2,10,0
0.0,0.0,0.4285714285714284,1.0,0.0,1.0,0.75,0.5,0.5,0.75,0.6666666666666666,0.5,0.0,0.6666666666666667,0.0,0.0,0.0,0.0,0.0,1.0,1.0,1.0,1.0,1.0,0.75,0.5,0.25,0.5,0.0,0.09333333333333334,0.625,0.6842105263157894,0.7000000000000001,-1,6,0
0.0,1.0,0.4285714285714284,0.0,0.0,1.0,1.0,0.75,1.0,0.75,0.0,0.5,0.0,0.6666666666666667,0.0,0.0,0.0,0.0,0.0,1.0,1.0,1.0,1.0,1.0,0.5,0.25,0.0,0.25,0.75,0.12000000000000001,0.8125,0.7894736842105263,0.8,-3,4,0
0.0,1.0,0.4285714285714284,1.0,0.0,1.0,1.0,0.75,1.0,0.5,0.0,0.5,0.0,0.6666666666666667,0.0,0.0,1.0,1.0,0.0,1.0,1.0,1.0,1.0,1.0,0.75,1.0,0.25,0.5,1.0,0.0,0.4375,0.5263157894736842,0.45,6,11,0
0.0,0.0,0.2857142857142856,1.0,0.0,1.0,1.0,0.75,0.25,0.5,1.0,0.5,0.0,0.6666666666666667,0.0,0.0,1.0,1.0,1.0,1.0,1.0,1.0,1.0,0.75,0.75,0.5,0.0,0.5,0.75,0.0,0.625,0.7894736842105263,0.75,6,5,0
1.0,1.0,0.4285714285714284,0.0,0.0,1.0,0.75,0.5,0.5,0.5,0.0,0.5,0.3333333333333333,0.0,0.3333333333333333,0.0,1.0,0.0,0.0,0.0,1.0,1.0,0.0,0.25,1.0,1.0,1.0,1.0,1.0,0.13333333333333333,0.5,0.6842105263157894,0.65,-8,8,0
1.0,1.0,0.5714285714285712,0.0,0.0,1.0,0.25,0.25,0.5,0.75,0.3333333333333333,1.0,0.6666666666666667,0.3333333333333333,1.0,0.0,0.0,0.0,0.0,1.0,1.0,1.0,0.0,1.0,0.75,0.75,0.5,0.5,0.25,0.10666666666666667,0.3125,0.3684210526315789,0.4,-4,15,1
1.0,1.0,0.2857142857142856,1.0,0.0,1.0,0.75,0.75,0.25,0.5,0.0,0.5,0.3333333333333333,0.3333333333333333,0.0,0.0,1.0,1.0,0.0,1.0,1.0,1.0,0.0,0.75,1.0,0.75,0.25,0.5,0.5,0.02666666666666667,0.625,0.6842105263157894,0.65,2,7,0
1.0,1.0,0.4285714285714284,1.0,1.0,1.0,0.25,0.75,0.0,0.75,0.0,0.5,0.0,0.0,0.3333333333333333,0.0,0.0,0.0,0.0,1.0,0.0,1.0,1.0,0.75,0.5,0.5,0.25,0.5,0.5,0.09333333333333334,0.3125,0.3684210526315789,0.4,-5,13,1
1.0,1.0,0.5714285714285712,0.0,0.0,1.0,0.25,0.25,0.5,0.5,0.3333333333333333,1.0,0.6666666666666667,0.0,0.3333333333333333,0.0,1.0,0.0,0.0,1.0,1.0,1.0,0.0,0.75,0.75,0.75,0.5,0.5,1.0,0.05333333333333334,0.3125,0.42105263157894735,0.4,-2,13,1
1.0,1.0,0.2857142857142856,0.0,0.0,1.0,1.0,0.75,0.75,0.5,0.3333333333333333,0.5,0.3333333333333333,0.3333333333333333,0.0,0.0,1.0,1.0,1.0,0.0,1.0,1.0,1.0,0.75,1.0,1.0,0.0,0.5,0.25,0.05333333333333334,0.625,0.5789473684210527,0.55,0,9,0
1.0,0.0,0.4285714285714284,1.0,0.0,1.0,0.75,0.75,0.75,0.75,0.0,0.0,0.0,0.3333333333333333,0.0,0.0,1.0,0.0,0.0,1.0,1.0,0.0,1.0,1.0,0.5,0.75,0.0,0.0,1.0,0.0,0.4375,0.47368421052631576,0.45,4,11,0
1.0,0.0,0.2857142857142856,0.0,0.0,1.0,1.0,1.0,1.0,0.75,0.6666666666666666,0.0,0.3333333333333333,0.3333333333333333,0.0,0.0,1.0,1.0,1.0,1.0,1.0,1.0,0.0,0.75,0.5,0.5,0.0,0.25,1.0,0.05333333333333334,0.5625,0.6842105263157894,0.65,0,7,0
1.0,0.0,0.2857142857142856,1.0,1.0,0.0,0.75,0.5,0.75,0.5,1.0,0.5,0.3333333333333333,0.3333333333333333,0.0,0.0,0.0,0.0,0.0,1.0,1.0,0.0,1.0,0.0,0.25,0.5,0.0,0.25,1.0,0.02666666666666667,0.5625,0.631578947368421,0.55,2,9,0
1.0,1.0,0.4285714285714284,1.0,1.0,1.0,0.25,0.25,0.5,0.75,0.3333333333333333,0.0,0.3333333333333333,0.0,0.0,0.0,0.0,0.0,0.0,0.0,1.0,1.0,1.0,0.5,0.5,0.25,0.0,0.25,0.5,0.05333333333333334,0.4375,0.5263157894736842,0.5,-2,10,0
1.0,0.0,0.4285714285714284,1.0,1.0,1.0,0.25,0.25,0.0,0.75,0.0,0.0,0.3333333333333333,0.6666666666666667,0.0,0.0,0.0,0.0,0.0,1.0,1.0,1.0,0.0,1.0,0.5,0.25,0.0,0.0,0.75,0.0,0.9375,0.8421052631578947,0.8,6,4,0
1.0,0.0,0.4285714285714284,0.0,1.0,0.0,0.25,1.0,0.0,0.5,0.0,0.5,0.6666666666666667,0.3333333333333333,0.0,0.0,0.0,0.0,0.0,1.0,1.0,0.0,1.0,0.75,0.5,0.75,0.0,0.75,1.0,0.0,0.625,0.6842105263157894,0.65,4,7,0
1.0,1.0,0.4285714285714284,0.0,1.0,1.0,0.25,0.25,0.0,0.5,0.6666666666666666,0.5,0.3333333333333333,0.3333333333333333,0.3333333333333333,0.0,0.0,0.0,1.0,0.0,0.0,0.0,0.0,0.75,0.75,0.5,0.25,0.5,1.0,0.02666666666666667,0.625,0.631578947368421,0.6000000000000001,2,9,0
1.0,0.0,0.4285714285714284,1.0,0.0,1.0,0.75,0.75,0.75,0.75,0.6666666666666666,0.5,0.3333333333333333,0.3333333333333333,0.0,0.0,1.0,0.0,0.0,1.0,1.0,1.0,1.0,0.75,0.5,0.25,0.0,0.5,0.5,0.0,0.5,0.5789473684210527,0.5,4,10,0
1.0,0.0,0.2857142857142856,1.0,1.0,1.0,1.0,1.0,0.0,0.0,0.0,0.5,0.0,0.3333333333333333,0.0,0.0,1.0,1.0,1.0,1.0,1.0,1.0,1.0,0.25,0.5,0.75,0.0,0.0,0.0,0.0,0.8125,0.7894736842105263,0.75,4,5,0
1.0,0.0,0.2857142857142856,0.0,0.0,1.0,0.25,0.5,0.5,0.75,0.0,0.0,0.3333333333333333,0.3333333333333333,0.0,0.0,0.0,0.0,0.0,0.0,1.0,0.0,0.0,0.5,0.25,0.25,0.0,0.25,0.5,0.0,0.5625,0.5789473684210527,0.6000000000000001,4,8,0
1.0,1.0,0.4285714285714284,0.0,0.0,1.0,0.25,0.75,0.0,0.5,0.0,0.5,0.3333333333333333,0.3333333333333333,0.0,0.0,1.0,1.0,0.0,1.0,1.0,0.0,0.0,0.5,0.5,0.75,0.25,0.75,0.5,0.05333333333333334,0.4375,0.5263157894736842,0.5,0,10,0
1.0,1.0,0.4285714285714284,1.0,1.0,1.0,1.0,1.0,1.0,0.75,0.6666666666666666,0.5,0.3333333333333333,0.6666666666666667,0.0,0.0,0.0,1.0,0.0,1.0,1.0,1.0,1.0,0.75,0.25,0.25,0.25,0.25,1.0,0.0,0.625,0.6842105263157894,0.65,6,7,0
1.0,0.0,0.2857142857142856,0.0,0.0,1.0,0.25,0.25,0.5,0.75,1.0,0.5,0.6666666666666667,0.0,0.3333333333333333,0.0,1.0,1.0,0.0,1.0,1.0,1.0,1.0,1.0,0.25,0.0,0.0,0.25,0.0,0.0,0.25,0.3157894736842105,0.0,2,21,1
1.0,0.0,0.4285714285714284,1.0,0.0,1.0,0.5,0.75,0.0,0.75,0.0,0.0,0.3333333333333333,0.0,0.0,0.0,1.0,1.0,0.0,1.0,1.0,1.0,1.0,1.0,0.25,0.5,0.0,0.25,0.75,0.0,0.5,0.5263157894736842,0.5,2,10,0
1.0,0.0,0.4285714285714284,0.0,0.0,1.0,1.0,1.0,0.5,1.0,0.6666666666666666,0.0,0.6666666666666667,0.3333333333333333,0.0,0.0,1.0,1.0,0.0,0.0,1.0,1.0,1.0,0.5,0.25,0.25,0.75,0.25,1.0,0.13333333333333333,0.6875,0.631578947368421,0.55,-6,9,0
1.0,0.0,0.5714285714285712,1.0,1.0,1.0,0.75,0.5,0.75,0.75,0.3333333333333333,1.0,0.3333333333333333,0.3333333333333333,0.6666666666666666,0.0,0.0,0.0,1.0,1.0,1.0,0.0,1.0,0.5,0.25,0.25,0.0,0.0,0.5,0.05333333333333334,0.25,0.3684210526315789,0.45,0,13,1
1.0,1.0,0.4285714285714284,0.0,1.0,1.0,0.25,0.5,0.0,0.75,0.6666666666666666,0.0,0.6666666666666667,0.0,0.0,0.0,1.0,1.0,1.0,1.0,0.0,1.0,1.0,0.75,0.5,0.5,0.25,0.5,0.5,0.04,0.6875,0.631578947368421,0.6000000000000001,-1,8,0
1.0,0.0,0.2857142857142856,1.0,0.0,1.0,0.5,0.5,0.5,0.0,0.3333333333333333,0.5,0.0,0.6666666666666667,0.0,0.0,0.0,0.0,1.0,1.0,1.0,0.0,1.0,0.5,0.75,0.5,0.0,0.0,0.5,0.10666666666666667,0.625,0.5789473684210527,0.55,-2,9,0
1.0,0.0,0.2857142857142856,0.0,0.0,1.0,0.25,0.5,0.5,0.5,0.0,0.5,0.0,0.0,0.0,0.0,0.0,0.0,1.0,1.0,1.0,1.0,0.0,0.5,1.0,1.0,0.0,0.5,0.0,0.18666666666666668,0.1875,0.2631578947368421,0.25,-12,15,1
1.0,0.0,0.4285714285714284,0.0,1.0,1.0,1.0,1.0,0.5,0.5,1.0,0.5,0.3333333333333333,0.6666666666666667,0.0,0.0,0.0,0.0,0.0,1.0,1.0,1.0,0.0,1.0,0.75,0.75,0.0,0.0,0.0,0.0,1.0,0.9473684210526315,0.9500000000000001,6,1,0
1.0,0.0,0.4285714285714284,0.0,0.0,1.0,0.25,0.25,0.5,0.5,0.3333333333333333,0.5,1.0,0.6666666666666667,0.0,0.0,0.0,0.0,0.0,1.0,1.0,1.0,0.0,0.75,0.5,0.25,0.0,0.25,0.75,0.02666666666666667,0.3125,0.42105263157894735,0.5,4,10,0
1.0,0.0,0.714285714285714,1.0,0.0,1.0,1.0,0.5,0.25,0.5,0.0,1.0,0.3333333333333333,0.6666666666666667,0.6666666666666666,0.0,1.0,1.0,0.0,0.0,1.0,1.0,1.0,1.0,0.75,0.5,0.0,0.0,0.5,0.05333333333333334,0.75,0.7368421052631579,0.75,2,7,0
1.0,0.0,0.4285714285714284,0.0,1.0,1.0,1.0,1.0,1.0,0.75,0.0,0.5,0.0,0.3333333333333333,0.0,0.0,0.0,1.0,1.0,1.0,1.0,1.0,0.0,1.0,0.75,0.5,0.5,0.75,0.25,0.05333333333333334,0.3125,0.47368421052631576,0.5,0,10,0
1.0,0.0,0.4285714285714284,1.0,0.0,1.0,0.75,0.75,0.5,0.5,0.3333333333333333,0.5,0.0,0.3333333333333333,0.0,0.0,0.0,1.0,0.0,1.0,1.0,1.0,1.0,0.75,0.0,0.5,0.0,0.25,0.0,0.0,0.75,0.7894736842105263,0.75,4,5,0
1.0,0.0,0.2857142857142856,0.0,0.0,1.0,0.75,0.25,0.0,0.5,1.0,0.5,0.0,0.3333333333333333,0.0,0.0,1.0,1.0,1.0,0.0,1.0,1.0,0.0,0.75,1.0,0.75,0.25,0.5,0.0,0.22666666666666668,0.4375,0.5263157894736842,0.5,-13,10,0
1.0,1.0,0.4285714285714284,1.0,0.0,1.0,1.0,1.0,1.0,1.0,0.3333333333333333,0.0,0.0,0.3333333333333333,0.0,0.0,0.0,1.0,1.0,0.0,1.0,1.0,0.0,0.5,0.25,0.75,0.0,0.75,0.25,0.05333333333333334,0.75,0.7368421052631579,0.7000000000000001,0,6,0
1.0,1.0,0.4285714285714284,0.0,0.0,1.0,0.5,0.25,0.5,0.5,0.6666666666666666,0.5,0.3333333333333333,0.0,0.0,0.0,0.0,0.0,1.0,0.0,1.0,1.0,1.0,0.75,0.75,0.5,0.0,0.5,1.0,0.06666666666666667,0.25,0.3157894736842105,0.35000000000000003,-3,13,0
1.0,1.0,0.2857142857142856,1.0,0.0,1.0,0.5,0.75,0.5,0.75,0.3333333333333333,0.0,0.3333333333333333,0.3333333333333333,0.0,0.0,0.0,0.0,1.0,1.0,1.0,1.0,0.0,0.75,0.75,0.5,0.0,0.0,0.5,0.02666666666666667,0.5,0.5789473684210527,0.5,2,10,0
1.0,1.0,0.5714285714285712,0.0,0.0,1.0,0.25,0.25,0.5,0.75,0.6666666666666666,0.5,0.3333333333333333,0.0,0.3333333333333333,0.0,0.0,0.0,0.0,1.0,1.0,0.0,0.0,0.75,0.5,0.25,0.0,0.5,1.0,0.0,0.1875,0.2631578947368421,0.0,2,21,1
1.0,1.0,0.4285714285714284,0.0,0.0,1.0,1.0,0.5,0.5,0.5,0.3333333333333333,0.0,0.3333333333333333,0.0,0.3333333333333333,0.0,0.0,1.0,0.0,1.0,1.0,0.0,0.0,1.0,0.75,0.5,0.75,0.5,0.5,0.18666666666666668,0.1875,0.2631578947368421,0.25,-12,16,1
1.0,0.0,0.4285714285714284,0.0,0.0,1.0,0.5,0.5,0.0,0.5,0.6666666666666666,0.5,0.3333333333333333,0.6666666666666667,0.0,0.0,0.0,1.0,0.0,1.0,1.0,0.0,0.0,1.0,0.5,0.5,0.0,0.5,0.75,0.02666666666666667,0.4375,0.47368421052631576,0.5,4,10,0
1.0,0.0,0.4285714285714284,0.0,0.0,1.0,1.0,1.0,1.0,0.0,1.0,0.5,0.6666666666666667,0.0,0.0,0.0,1.0,1.0,1.0,1.0,1.0,1.0,1.0,0.75,0.75,0.5,0.25,0.25,1.0,0.09333333333333334,0.1875,0.2631578947368421,0.30000000000000004,-5,14,0
1.0,0.0,0.5714285714285712,0.0,0.0,1.0,0.5,0.75,0.75,0.5,0.0,0.5,0.0,0.6666666666666667,0.3333333333333333,0.0,0.0,0.0,1.0,0.0,1.0,1.0,0.0,1.0,0.75,0.25,0.0,0.25,1.0,0.0,0.25,0.2631578947368421,0.0,6,21,1
1.0,0.0,0.4285714285714284,1.0,1.0,1.0,0.75,0.25,1.0,0.75,0.0,0.5,0.0,0.3333333333333333,0.0,0.0,1.0,1.0,0.0,1.0,1.0,1.0,0.0,0.75,0.5,0.75,0.0,0.0,0.0,0.0,0.25,0.47368421052631576,0.4,4,12,0
1.0,0.0,0.4285714285714284,1.0,0.0,1.0,0.25,0.25,0.5,0.5,0.0,0.5,0.3333333333333333,0.3333333333333333,0.3333333333333333,0.0,0.0,0.0,1.0,1.0,1.0,0.0,0.0,0.0,0.0,0.0,0.0,0.0,1.0,0.0,0.1875,0.2631578947368421,0.0,4,21,1
1.0,1.0,0.714285714285714,1.0,1.0,0.0,0.5,0.5,0.75,0.75,0.0,1.0,0.0,0.3333333333333333,0.6666666666666666,0.0,1.0,1.0,0.0,1.0,1.0,0.0,0.0,1.0,1.0,0.75,0.75,1.0,0.75,0.14666666666666667,0.375,0.47368421052631576,0.45,-7,13,1
1.0,1.0,0.2857142857142856,1.0,1.0,1.0,0.75,0.25,0.75,0.75,0.0,0.5,0.3333333333333333,0.0,0.0,0.0,0.0,0.0,0.0,0.0,1.0,1.0,0.0,0.25,0.75,1.0,0.5,0.75,0.25,0.04,0.6875,0.8421052631578947,0.8,-1,4,0
1.0,1.0,0.8571428571428572,0.0,0.0,1.0,0.25,0.25,0.5,0.5,0.0,1.0,0.0,0.0,1.0,0.0,0.0,0.0,0.0,0.0,1.0,0.0,0.0,1.0,1.0,0.5,0.5,0.5,0.5,0.04,0.4375,0.42105263157894735,0.35000000000000003,-1,16,1
1.0,1.0,0.4285714285714284,0.0,1.0,1.0,0.75,0.5,0.75,0.5,0.0,0.5,0.6666666666666667,0.0,0.0,0.0,0.0,0.0,0.0,0.0,1.0,1.0,0.0,0.75,0.75,0.0,0.5,0.75,1.0,0.0,0.5,0.631578947368421,0.5,2,10,0
1.0,1.0,0.5714285714285712,1.0,1.0,1.0,0.25,0.25,0.5,0.0,0.0,0.0,0.0,0.0,0.0,0.0,0.0,0.0,0.0,1.0,1.0,1.0,0.0,0.5,0.25,0.5,0.5,0.5,1.0,0.06666666666666667,0.3125,0.47368421052631576,0.45,-3,11,0
